n_neighbors,ratio,resolution,leiden_cluster,gene,score,log2fc,pval,pval_adj,pct_nz_group,pct_nz_reference
15,0.67,0.4867,5,1627,26.046247,7.022635,1.4837122864563584e-149,2.468600502206089e-145,0.5957446808510638,0.010240655401945725
15,0.67,0.4867,2,5480,24.017664,4.2240562,1.8183514680903318e-127,3.0253731726086938e-123,0.6430594900849859,0.11050394656952034
15,0.67,0.4867,2,7696,23.771288,4.1318974,6.61949094840931e-125,5.506754519981705e-121,0.5524079320113314,0.06618093503339405
15,0.67,0.4867,2,13463,23.141506,4.5409694,1.7702268347246744e-118,9.817678025383044e-115,0.42209631728045327,0.024893746205221615
15,0.67,0.4867,2,8554,22.559975,2.8962295,1.071840302974201e-112,4.458319740221189e-109,0.9008498583569405,0.41530054644808745
15,0.67,0.4867,6,9894,21.002522,27.838127,6.219453105248809e-98,1.0347926076512968e-93,0.2222222222222222,0.0
15,0.67,0.4867,0,558,20.957926,2.4554853,1.5886063976351752e-97,2.6431233243854045e-93,0.703956343792633,0.27308602999210735
15,0.67,0.4867,2,10439,20.396902,2.0191662,1.7815279590510016e-92,5.9282124365381134e-89,0.9631728045325779,0.7753491196114147
15,0.67,0.4867,2,6332,19.567204,3.440116,2.944004857656323e-85,7.694618753908524e-82,0.46458923512747874,0.07407407407407407
15,0.67,0.4867,2,6229,19.56236,3.312259,3.237308046481528e-85,7.694618753908524e-82,0.6062322946175638,0.16757741347905283
15,0.67,0.4867,2,10702,19.484926,2.7439,1.473893913181392e-84,3.065330865939e-81,0.6373937677053825,0.16939890710382513
15,0.67,0.4867,2,840,19.182838,2.561101,5.149148577084023e-82,9.519059336169329e-79,0.7450424929178471,0.2987249544626594
15,0.67,0.4867,2,6480,19.160728,4.1896706,7.876189871581751e-82,1.3104404708337717e-78,0.35410764872521244,0.035215543412264724
15,0.67,0.4867,3,8138,19.097666,4.201772,2.640300316651723e-81,4.3929316668451365e-77,0.39574468085106385,0.039660056657223795
15,0.67,0.4867,2,1186,19.09281,2.9798484,2.897557812305509e-81,4.382687898285369e-78,0.5410764872521246,0.11900425015179114
15,0.67,0.4867,5,15841,19.077566,5.0563936,3.8790520008739884e-81,3.2269833595270707e-77,0.7659574468085106,0.05478750640040963
15,0.67,0.4867,6,10554,18.842693,6.168818,3.373549480105345e-79,2.8064558124996363e-75,0.6666666666666666,0.016145307769929364
15,0.67,0.4867,2,1191,18.503471,2.7848854,1.9359252292369596e-76,2.6841603303370444e-73,0.5212464589235127,0.11232544019429265
15,0.67,0.4867,0,14510,18.481205,2.2565773,2.925771922332229e-76,2.4339496621881814e-72,0.7366984993178718,0.4104183109707972
15,0.67,0.4867,2,9714,18.385775,3.9526238,1.7078576288776997e-75,2.1857950176359363e-72,0.32011331444759206,0.029143897996357013
15,0.67,0.4867,6,11880,18.177603,5.5526757,7.765385490192374e-74,4.30668279286069e-70,0.9444444444444444,0.03884964682139253
15,0.67,0.4867,2,2364,18.110558,3.366537,2.630666184181714e-73,3.1263588551725255e-70,0.3937677053824363,0.05768063145112325
15,0.67,0.4867,0,1453,18.068228,2.3804023,5.670706466689545e-73,3.1449738064260217e-69,0.5266030013642565,0.15706393054459353
15,0.67,0.4867,0,863,17.991386,1.5982819,2.2759159540439893e-72,9.466672410845974e-69,0.8376534788540245,0.5982636148382005
15,0.67,0.4867,5,1339,17.980478,5.7657747,2.770887484352101e-72,1.5367341988216753e-68,0.3617021276595745,0.00972862263184844
15,0.67,0.4867,0,6932,17.884777,2.1595721,1.5497084114520402e-71,5.156809709947809e-68,0.679399727148704,0.32517758484609316
15,0.67,0.4867,2,3945,17.765388,2.3594117,1.3102851588899706e-70,1.4533682982407554e-67,0.7252124645892352,0.3126897389192471
15,0.67,0.4867,2,5600,17.466356,2.45023,2.5848663706912544e-68,2.529823922091829e-65,0.6430594900849859,0.2185792349726776
15,0.67,0.4867,5,11188,17.45246,5.4998007,3.2973065821706163e-68,1.3715146728538678e-64,0.3617021276595745,0.010752688172043012
15,0.67,0.4867,2,1501,17.431252,5.231519,4.778846622506908e-68,4.4172472280705516e-65,0.21246458923512748,0.006071645415907711
15,0.67,0.4867,2,3851,17.37015,2.4306552,1.3886196996798129e-67,1.2159923454354066e-64,0.6317280453257791,0.2058287795992714
15,0.67,0.4867,4,14575,17.04911,3.5533597,3.5489517674678453e-65,5.9047459507130004e-61,0.4774193548387097,0.06395663956639566
15,0.67,0.4867,5,14883,16.9133,4.7573175,3.590275840795738e-64,1.1947001887831899e-60,0.48936170212765956,0.025089605734767026
15,0.67,0.4867,0,5001,16.91322,1.7678552,3.595247733865848e-64,9.969621966009997e-61,0.7107776261937244,0.3441199684293607
15,0.67,0.4867,2,6905,16.828764,3.2059152,1.5020290910575955e-63,1.1900361912864892e-60,0.35127478753541075,0.05160898603521554
15,0.67,0.4867,2,791,16.68755,2.6147153,1.6146387440822086e-62,1.221107246547263e-59,0.4730878186968839,0.1111111111111111
15,0.67,0.4867,5,15502,16.64025,5.605948,3.56135866182534e-62,9.875647569241667e-59,0.3404255319148936,0.010752688172043012
15,0.67,0.4867,2,6568,16.35604,2.7224758,3.9393394389119883e-60,2.849683894983377e-57,0.48441926345609065,0.12568306010928962
15,0.67,0.4867,0,11026,16.111752,1.5812844,2.1096490304357968e-58,5.014334366912969e-55,0.7585266030013642,0.4561957379636938
15,0.67,0.4867,2,796,16.010687,3.222475,1.0761456302248653e-57,7.460379581533878e-55,0.28895184135977336,0.03460837887067395
15,0.67,0.4867,6,4750,16.001583,5.6027484,1.245653711708407e-57,5.181296613851119e-54,0.7222222222222222,0.029263370332996974
15,0.67,0.4867,2,6195,15.983712,2.8701496,1.6596194497261684e-57,1.1045099361817596e-54,0.38526912181303113,0.07528840315725562
15,0.67,0.4867,5,5950,15.933863,5.406998,3.688533329860295e-57,8.767116791745084e-54,0.44680851063829785,0.02457757296466974
15,0.67,0.4867,6,13301,15.7721195,7.0524898,4.839807287337017e-56,1.610494272934266e-52,0.2222222222222222,0.0015136226034308778
15,0.67,0.4867,4,610,15.704263,3.1428454,1.4141251144103458e-55,1.1764106826779667e-51,0.6,0.13116531165311654
15,0.67,0.4867,2,5977,15.693345,2.905634,1.6796496364224438e-55,1.0748465634921777e-52,0.3314447592067989,0.05343047965998786
15,0.67,0.4867,2,15111,15.670227,2.3464189,2.4171328713241122e-55,1.4894909893737251e-52,0.5524079320113314,0.18154219793564055
15,0.67,0.4867,2,12060,15.578472,2.3049028,1.019623114108109e-54,6.058746204475256e-52,0.56657223796034,0.1912568306010929
15,0.67,0.4867,2,12220,15.5703125,4.439041,1.1583952450331678e-54,6.645993133400636e-52,0.1954674220963173,0.010321797207043109
15,0.67,0.4867,5,13422,15.461575,6.6652846,6.30387985088739e-54,1.3110494119883048e-50,0.2127659574468085,0.0035842293906810036
15,0.67,0.4867,3,13685,15.426855,3.111745,1.0800680158555905e-53,8.985085823902656e-50,0.3574468085106383,0.053257790368271954
15,0.67,0.4867,2,4899,15.396602,5.4160604,1.725006670009526e-53,9.566886991872831e-51,0.17280453257790368,0.006071645415907711
15,0.67,0.4867,2,11981,15.366914,2.5010397,2.7286078152587e-53,1.4644702203314275e-50,0.5410764872521246,0.19004250151791136
15,0.67,0.4867,2,8807,15.302938,2.226193,7.308061872439661e-53,3.799735419801596e-50,0.56657223796034,0.19914996964177292
15,0.67,0.4867,5,2344,15.224227,5.341211,2.4422957525889294e-52,4.5149907479527335e-49,0.2765957446808511,0.00819252432155658
15,0.67,0.4867,3,2537,15.194201,4.273274,3.863451877139981e-52,2.1426704110618336e-48,0.2170212765957447,0.014730878186968839
15,0.67,0.4867,5,8162,15.152121,4.8906274,7.33604340809089e-52,1.2205709022381623e-48,0.48936170212765956,0.03430619559651818
15,0.67,0.4867,2,10685,15.073555,1.667731,2.4174633406346503e-51,1.2188410624690702e-48,0.7988668555240793,0.45901639344262296
15,0.67,0.4867,2,8724,14.978655,4.067819,1.0124558665205394e-50,4.954482560931981e-48,0.20113314447592068,0.014571948998178506
15,0.67,0.4867,3,12137,14.919435,2.0741508,2.463512190634205e-50,1.0246978956942975e-46,0.8425531914893617,0.398300283286119
15,0.67,0.4867,0,11376,14.860016,2.1606133,5.99110716477146e-50,1.1075560111940838e-46,0.4024556616643929,0.122336227308603
15,0.67,0.4867,2,8657,14.819263,2.5505168,1.0998430885238774e-49,5.228339801960078e-47,0.36827195467422097,0.07832422586520947
15,0.67,0.4867,6,122,14.810862,6.2094784,1.2463269100695628e-49,3.4560645216228976e-46,0.4444444444444444,0.01160443995963673
15,0.67,0.4867,3,8085,14.75478,3.49438,2.866245203791207e-49,9.537717540135621e-46,0.3617021276595745,0.06458923512747876
15,0.67,0.4867,3,7865,14.733335,2.877525,3.937839743129634e-49,1.0919629607698475e-45,0.5361702127659574,0.16827195467422096
15,0.67,0.4867,2,10286,14.605251,2.6317828,2.6002209179872033e-48,1.2017354342630857e-45,0.35127478753541075,0.07407407407407407
15,0.67,0.4867,2,605,14.60103,2.1815124,2.766319065283562e-48,1.2439463948158894e-45,0.5127478753541076,0.16697024893746204
15,0.67,0.4867,6,5615,14.499876,5.5990252,1.2136828685531778e-47,2.8847507952839675e-44,0.5,0.016145307769929364
15,0.67,0.4867,0,10492,14.473457,2.3537056,1.7828159494696108e-47,2.966249176727539e-44,0.35470668485675305,0.0978689818468824
15,0.67,0.4867,2,10213,14.469764,2.2998943,1.881183942137988e-47,8.236615376129433e-45,0.44192634560906513,0.12264723740133576
15,0.67,0.4867,6,4535,14.401826,6.1455183,5.039461733973079e-47,1.048082054123051e-43,0.8888888888888888,0.0615539858728557
15,0.67,0.4867,2,6372,14.34651,1.7026682,1.1203446986248942e-46,4.779562845056663e-44,0.7847025495750708,0.5003035822707954
15,0.67,0.4867,2,4796,14.261452,2.66674,3.80456901899553e-46,1.5825104834511908e-43,0.32294617563739375,0.06435944140862174
15,0.67,0.4867,6,16030,14.20935,5.7093163,8.016644554278399e-46,1.4820103566009333e-42,0.3333333333333333,0.006559031281533804
15,0.67,0.4867,2,8592,14.205163,1.5212692,8.510443009539013e-46,3.4535792876270755e-43,0.8895184135977338,0.6296296296296297
15,0.67,0.4867,2,1432,14.178608,2.515127,1.242879924333368e-45,4.80907818164153e-43,0.3597733711048159,0.08257437765634487
15,0.67,0.4867,3,8255,14.111233,2.5496004,3.23864795791181e-45,7.697803531962385e-42,0.5914893617021276,0.22152974504249293
15,0.67,0.4867,0,13480,14.109661,1.5850018,3.311635532670117e-45,5.0089992720514e-42,0.6630286493860846,0.39700078926598265
15,0.67,0.4867,0,9656,14.061313,1.4129217,6.565652828799487e-45,9.103277647130488e-42,0.7025920873124147,0.4340962904498816
15,0.67,0.4867,2,13448,14.056911,2.033578,6.986973442332645e-45,2.6420287303075126e-42,0.5750708215297451,0.23132969034608378
15,0.67,0.4867,0,2447,13.932664,2.93515,4.011087936165051e-44,5.133575467839548e-41,0.3096862210095498,0.07971586424625099
15,0.67,0.4867,3,14420,13.874413,3.2257428,9.05318385935772e-44,1.722223910173762e-40,0.31063829787234043,0.05155807365439093
15,0.67,0.4867,3,7714,13.87236,2.7694728,9.316032691167123e-44,1.722223910173762e-40,0.3574468085106383,0.06855524079320113
15,0.67,0.4867,4,9132,13.807397,2.8699527,2.2999413296546598e-43,1.2755474614264743e-39,0.535483870967742,0.12791327913279132
15,0.67,0.4867,2,12017,13.796988,2.1709013,2.6572819206754346e-43,9.824857021377306e-41,0.5552407932011332,0.23497267759562843
15,0.67,0.4867,3,2550,13.77826,4.2200675,3.444728434073166e-43,5.7313391686109335e-40,0.17872340425531916,0.01189801699716714
15,0.67,0.4867,4,10709,13.771025,2.5746632,3.807736755595306e-43,1.5838281034898675e-39,0.8064516129032258,0.3924119241192412
15,0.67,0.4867,2,7919,13.730995,2.01616,6.6217977405747166e-43,2.395075452340916e-40,0.5155807365439093,0.1785063752276867
15,0.67,0.4867,2,7129,13.686424,2.1553705,1.2238510075027607e-42,4.332432566559773e-40,0.45892351274787535,0.14814814814814814
15,0.67,0.4867,0,13903,13.675053,1.2044176,1.4310338851276322e-42,1.7006815557681103e-39,0.8772169167803547,0.65982636148382
15,0.67,0.4867,2,7470,13.669689,3.8289962,1.5405105761486123e-42,5.3397947845751275e-40,0.17563739376770537,0.013964784456587736
15,0.67,0.4867,2,13937,13.623242,3.0304787,2.913416442636119e-42,9.892535259710153e-40,0.3087818696883853,0.06739526411657559
15,0.67,0.4867,4,15546,13.606597,3.2072191,3.658881480973591e-42,1.217529401608772e-38,0.3870967741935484,0.06612466124661247
15,0.67,0.4867,0,10091,13.5698595,1.1883248,6.043784860463446e-42,6.703766167226055e-39,0.7885402455661664,0.5895816890292028
15,0.67,0.4867,2,2685,13.552972,2.117439,7.608593513590802e-42,2.5318355775824752e-39,0.45892351274787535,0.15421979356405585
15,0.67,0.4867,6,4855,13.522581,5.862502,1.1506642865996504e-41,1.9144752400444984e-38,0.3333333333333333,0.0075681130171543895
15,0.67,0.4867,0,2147,13.494677,1.2536495,1.6809215624242214e-41,1.747948309725887e-38,0.7435197817189632,0.5122336227308603
15,0.67,0.4867,2,39,13.482194,1.7910312,1.9909658800785818e-41,6.495233394656361e-39,0.5892351274787535,0.25561627200971465
15,0.67,0.4867,3,1687,13.476054,2.5793583,2.163736898692509e-41,3.272750410949633e-38,0.4851063829787234,0.1461756373937677
15,0.67,0.4867,2,8968,13.473892,1.893105,2.2280496421154164e-41,7.128901912599288e-39,0.5382436260623229,0.21068609593199758
15,0.67,0.4867,3,7117,13.448771,3.389393,3.130296332030837e-41,4.3401558643607554e-38,0.2680851063829787,0.039093484419263455
15,0.67,0.4867,2,15641,13.438556,2.545651,3.593847726276554e-41,1.1281969522601756e-38,0.29178470254957506,0.05707346690953248
15,0.67,0.4867,4,12360,13.428403,3.7868352,4.122074809024441e-41,1.1430513445424775e-37,0.4129032258064516,0.08401084010840108
15,0.67,0.4867,2,2345,13.415227,2.056121,4.924245575861589e-41,1.5172147757626872e-38,0.45609065155807366,0.15057680631451123
15,0.67,0.4867,2,5518,13.411388,1.5394365,5.185859706980371e-41,1.5687697055407165e-38,0.7847025495750708,0.45294474802671525
15,0.67,0.4867,4,10299,13.382657,2.7492833,7.636737559267001e-41,1.8151434215869196e-37,0.5870967741935483,0.16205962059620596
15,0.67,0.4867,2,9341,13.381169,3.96378,7.791227196937268e-41,2.3148292518328976e-38,0.16997167138810199,0.013964784456587736
15,0.67,0.4867,5,10154,13.333001,5.0249367,1.487894156940125e-40,2.250507543924527e-37,0.2765957446808511,0.01228878648233487
15,0.67,0.4867,6,539,13.263425,4.917839,3.772650053028121e-40,5.706304689298353e-37,0.6666666666666666,0.036831483350151364
15,0.67,0.4867,3,10450,13.18888,3.5109959,1.0168458440563282e-39,1.3014062425699376e-36,0.2170212765957447,0.024362606232294616
15,0.67,0.4867,5,12848,13.14877,3.9438226,1.729642959560434e-39,2.3981499634305418e-36,0.6382978723404256,0.08499743983614952
15,0.67,0.4867,3,5341,13.136129,3.7173421,2.044195057130678e-39,2.4293798114671586e-36,0.19148936170212766,0.017563739376770537
15,0.67,0.4867,5,10395,13.107216,7.4034185,2.9938771498326887e-39,3.831702155301252e-36,0.10638297872340426,0.0005120327700972862
15,0.67,0.4867,0,2657,13.107189,1.9015678,2.994942393689772e-39,2.768325085900579e-36,0.39290586630286495,0.14601420678768745
15,0.67,0.4867,6,1387,13.094038,5.039491,3.5615741574111796e-39,4.9381225692506004e-36,0.8888888888888888,0.07568113017154389
15,0.67,0.4867,5,7276,12.988998,4.052416,1.4126302841864148e-38,1.6788101905923978e-35,0.574468085106383,0.0701484895033282
15,0.67,0.4867,5,6189,12.948248,3.7934785,2.4037893103324566e-38,2.666283103020761e-35,0.8085106382978723,0.148489503328213
15,0.67,0.4867,2,8373,12.918325,2.3628836,3.547787948815114e-38,1.0004762015658623e-35,0.3654390934844193,0.10564663023679417
15,0.67,0.4867,2,1298,12.857219,1.9320959,7.834564931677039e-38,2.136909693987583e-35,0.45609065155807366,0.15846994535519127
15,0.67,0.4867,3,5537,12.814904,4.7967644,1.3530599532200088e-37,1.5008141001116338e-34,0.14042553191489363,0.0073654390934844195
15,0.67,0.4867,2,12429,12.728949,4.5372624,4.082999992697494e-37,1.0956928044919502e-34,0.1359773371104816,0.007893139040680024
15,0.67,0.4867,0,16552,12.70264,1.4875872,5.7168498895323984e-37,4.755847423102003e-34,0.5457025920873124,0.281767955801105
15,0.67,0.4867,0,13667,12.674223,1.4925255,8.216912697869237e-37,6.510142546054683e-34,0.5416098226466576,0.26519337016574585
15,0.67,0.4867,0,4310,12.655103,1.7520933,1.0483830308923673e-36,7.928634939994186e-34,0.43519781718963163,0.186266771902131
15,0.67,0.4867,2,7025,12.648775,2.259956,1.1363204764509214e-36,3.0009682678080047e-34,0.41076487252124644,0.13964784456587737
15,0.67,0.4867,0,8490,12.603088,1.3672205,2.0303692376870865e-36,1.4687514511581629e-33,0.5688949522510232,0.30544593528018943
15,0.67,0.4867,0,11470,12.534073,1.2410867,4.860107804311171e-36,3.369269735338719e-33,0.7025920873124147,0.4711917916337806
15,0.67,0.4867,5,849,12.514118,3.652761,6.249801324610942e-36,6.499012152429804e-33,0.5957446808510638,0.07885304659498207
15,0.67,0.4867,2,1288,12.49802,4.00321,7.65337151176673e-36,1.989637425199607e-33,0.14447592067988668,0.01092896174863388
15,0.67,0.4867,6,10101,12.484917,5.5233617,9.02380309632748e-36,1.1070568034483612e-32,0.2777777777777778,0.006054490413723511
15,0.67,0.4867,6,239,12.482386,6.1135626,9.31529946404439e-36,1.1070568034483612e-32,0.2222222222222222,0.0035317860746720484
15,0.67,0.4867,3,9076,12.459983,2.9339073,1.2339737945462815e-35,1.2831784996038143e-32,0.2723404255319149,0.04815864022662889
15,0.67,0.4867,2,3455,12.423289,1.6678487,1.9536115097583995e-35,5.000644353747731e-33,0.5864022662889519,0.27625986642380085
15,0.67,0.4867,0,3709,12.420034,1.5727136,2.0347432419996706e-35,1.354162322415621e-32,0.5006821282401092,0.2494080505130229
15,0.67,0.4867,5,3646,12.39988,4.0546093,2.6171469797263695e-35,2.5614171440404316e-32,0.48936170212765956,0.053763440860215055
15,0.67,0.4867,2,12647,12.375603,1.5543978,3.5422660778067953e-35,8.66709161802198e-33,0.6345609065155807,0.2975106253794778
15,0.67,0.4867,2,12842,12.362388,2.7454886,4.1756605327494046e-35,1.0068788397664432e-32,0.2521246458923513,0.05160898603521554
15,0.67,0.4867,0,14934,12.362278,1.4836576,4.1813935905383467e-35,2.6757702522837315e-32,0.519781718963165,0.26361483820047354
15,0.67,0.4867,6,13727,12.325297,4.478017,6.619899770766638e-35,7.342792825734356e-32,0.5555555555555556,0.02875882946518668
15,0.67,0.4867,2,9234,12.323853,3.6152372,6.7396012722015e-35,1.5793448727730782e-32,0.1529745042492918,0.013964784456587736
15,0.67,0.4867,3,4728,12.298491,1.9164507,9.228222994732717e-35,9.031716128609586e-32,0.8,0.5552407932011332
15,0.67,0.4867,6,309,12.275737,5.1290016,1.2227346109858513e-34,1.2714911535989121e-31,0.3888888888888889,0.013622603430877902
15,0.67,0.4867,4,1229,12.261582,3.3674533,1.4562839548508522e-34,3.02870655510106e-31,0.23870967741935484,0.028184281842818428
15,0.67,0.4867,2,1923,12.258177,3.841958,1.5187927625934419e-34,3.509676942226345e-32,0.1388101983002833,0.010321797207043109
15,0.67,0.4867,2,5163,12.24533,2.5363667,1.7795150481026205e-34,4.001023158152892e-32,0.26062322946175637,0.05525197328476017
15,0.67,0.4867,5,2556,12.235357,5.542495,2.0121763678766025e-34,1.8599216893739393e-31,0.1702127659574468,0.004608294930875576
15,0.67,0.4867,2,8643,12.202002,1.2586231,3.032743771465789e-34,6.727838782619705e-32,0.8611898016997167,0.6715239829993929
15,0.67,0.4867,2,1460,12.184233,1.7000976,3.7718536258351105e-34,8.257381661400601e-32,0.6062322946175638,0.3460837887067395
15,0.67,0.4867,3,14883,12.120483,3.4175198,8.227201079930359e-34,7.604676198215628e-31,0.17446808510638298,0.017563739376770537
15,0.67,0.4867,5,6045,12.087737,4.8332553,1.2261758413028354e-33,1.0737428235577144e-30,0.23404255319148937,0.010752688172043012
15,0.67,0.4867,6,30,12.067735,7.838472,1.5638064453061344e-33,1.44547842427797e-30,0.1111111111111111,0.0005045408678102926
15,0.67,0.4867,6,10308,12.067735,7.838472,1.5638064453061344e-33,1.44547842427797e-30,0.1111111111111111,0.0005045408678102926
15,0.67,0.4867,3,5584,12.060655,1.8901755,1.7042287681828602e-33,1.4177479122513215e-30,0.6085106382978723,0.2594900849858357
15,0.67,0.4867,0,5454,12.0069685,1.2910858,3.265996670511442e-33,1.8737811242748058e-30,0.616643929058663,0.39463299131807417
15,0.67,0.4867,2,6984,12.006854,1.6305034,3.2704968667327076e-33,6.976221393422922e-31,0.5835694050991501,0.29083181542197933
15,0.67,0.4867,2,15765,11.992931,3.6226592,3.8696222204289996e-33,8.149718291581987e-31,0.15864022662889518,0.017607771706132362
15,0.67,0.4867,2,8484,11.988793,6.0447407,4.0678860739783575e-33,8.46018606235649e-31,0.09348441926345609,0.0012143290831815423
15,0.67,0.4867,2,6972,11.979421,2.0448608,4.554935154514791e-33,9.356174209977418e-31,0.37393767705382436,0.12082574377656345
15,0.67,0.4867,2,1533,11.960483,2.5573142,5.7228290111365494e-33,1.1611759644791453e-30,0.23512747875354106,0.0461445051608986
15,0.67,0.4867,3,1311,11.945637,2.143079,6.842424897366651e-33,5.421155497256492e-30,0.4723404255319149,0.15410764872521246
15,0.67,0.4867,3,4670,11.904591,4.802096,1.1201225644654125e-32,8.471181467079788e-30,0.1148936170212766,0.0050991501416430595
15,0.67,0.4867,1,4139,11.898595,1.7034461,1.2035605067896228e-32,2.0024839711965743e-28,0.49455337690631807,0.2245295262816353
15,0.67,0.4867,4,4136,11.889359,2.3436592,1.344336968418081e-32,2.4852309422822254e-29,0.5935483870967742,0.2092140921409214
15,0.67,0.4867,2,8991,11.841379,1.5676699,2.3849732216193462e-32,4.7808655977473115e-30,0.5949008498583569,0.2774741955069824
15,0.67,0.4867,2,15202,11.83146,1.4223146,2.684313239721972e-32,5.3168575812493056e-30,0.7507082152974505,0.47358834244080145
15,0.67,0.4867,0,4296,11.829355,1.1033717,2.7524702231263345e-32,1.4772774055605147e-29,0.7012278308321964,0.46250986582478293
15,0.67,0.4867,3,8425,11.822331,2.3518894,2.992613974010883e-32,2.164830926069264e-29,0.33617021276595743,0.08045325779036827
15,0.67,0.4867,3,12785,11.781451,2.9841428,4.864828786344347e-32,3.372542556133219e-29,0.2425531914893617,0.042492917847025496
15,0.67,0.4867,2,10355,11.77696,1.225547,5.130999904372091e-32,1.0043479577522687e-29,0.8470254957507082,0.6429872495446266
15,0.67,0.4867,3,14558,11.765959,3.1236143,5.845862731475501e-32,3.890538565051575e-29,0.22127659574468084,0.03456090651558073
15,0.67,0.4867,6,737,11.765457,5.264157,5.880673468529582e-32,5.149612903652378e-29,0.2777777777777778,0.007063572149344097
15,0.67,0.4867,6,9248,11.742661,4.310681,7.702342394560959e-32,6.407578638035262e-29,0.5555555555555556,0.031786074672048435
15,0.67,0.4867,0,7934,11.7282095,0.631944,9.137109578117747e-32,4.750725911272596e-29,0.9836289222373806,0.9676400947119179
15,0.67,0.4867,0,10769,11.682434,1.9207206,1.5674118944561867e-31,7.902605787867284e-29,0.33424283765347884,0.12628255722178375
15,0.67,0.4867,0,2625,11.676499,1.0649117,1.6807525837428935e-31,8.224812202445372e-29,0.819918144611187,0.6535122336227308
15,0.67,0.4867,2,6041,11.649214,1.9132769,2.315866197024741e-31,4.4803932309415864e-29,0.4164305949008499,0.15604128718882818
15,0.67,0.4867,0,8944,11.637488,0.87058264,2.6572454821240565e-31,1.263178580902287e-28,0.869031377899045,0.7095501183898973
15,0.67,0.4867,0,8159,11.61514,1.7951894,3.452221171411495e-31,1.595501551387346e-28,0.3506139154160982,0.13575374901341752
15,0.67,0.4867,2,382,11.599503,2.2937527,4.144818187475162e-31,7.836532386728608e-29,0.26345609065155806,0.06253794778384943
15,0.67,0.4867,2,3899,11.597415,4.211104,4.247151730468286e-31,7.939787695677679e-29,0.11898016997167139,0.007893139040680024
15,0.67,0.4867,2,1262,11.581563,1.3914346,5.110546626171083e-31,9.447697196248275e-29,0.6968838526912181,0.3910139647844566
15,0.67,0.4867,0,15586,11.555934,1.1701065,6.889438305145067e-31,3.09801282489199e-28,0.645293315143247,0.4183109707971586
15,0.67,0.4867,1,11524,11.550283,1.6027684,7.357736398089093e-31,6.120900909570316e-27,0.5185185185185185,0.25308241401687215
15,0.67,0.4867,2,9295,11.549368,2.0123684,7.43651003158793e-31,1.359655537423736e-28,0.34560906515580736,0.10868245294474803
15,0.67,0.4867,2,13609,11.542983,3.6872911,8.009829737893219e-31,1.4329843782695416e-28,0.1359773371104816,0.012750455373406194
15,0.67,0.4867,2,7869,11.509388,2.6117241,1.1831513586289697e-30,2.0721339268282948e-28,0.2237960339943343,0.04553734061930783
15,0.67,0.4867,4,13288,11.497076,1.9011732,1.3645961120874973e-30,2.270415011291178e-27,0.7741935483870968,0.41680216802168024
15,0.67,0.4867,0,8112,11.494689,1.3049769,1.402851741116069e-30,6.142275597023462e-28,0.5279672578444747,0.2849250197316496
15,0.67,0.4867,2,11478,11.432542,1.1210148,2.875655082784171e-30,4.932489615192066e-28,0.8668555240793201,0.6800242865816636
15,0.67,0.4867,6,11672,11.426339,4.2785697,3.088557425996211e-30,2.447019926367855e-27,0.6111111111111112,0.04137235116044399
15,0.67,0.4867,3,11120,11.399859,3.5966995,4.187948328480888e-30,2.679964780356347e-27,0.1574468085106383,0.01643059490084986
15,0.67,0.4867,5,8027,11.390655,5.654831,4.654786571808483e-30,3.872316949087477e-27,0.14893617021276595,0.00409626216077829
15,0.67,0.4867,4,8939,11.36769,2.4571059,6.056940509962282e-30,9.161397836795678e-27,0.4064516129032258,0.0997289972899729
15,0.67,0.4867,2,13412,11.344755,1.532621,7.8746470506575e-30,1.3369222207024437e-27,0.5297450424929179,0.24225865209471767
15,0.67,0.4867,2,11321,11.343808,2.5964694,7.960346131089528e-30,1.3378205952431067e-27,0.2237960339943343,0.046751669702489375
15,0.67,0.4867,1,9275,11.343644,1.3754268,7.975241639785373e-30,4.423069013424968e-26,0.6862745098039216,0.4652822842310188
15,0.67,0.4867,0,5789,11.318338,1.0272621,1.0647120837502887e-29,4.542225551137769e-27,0.7353342428376535,0.5169692186266772
15,0.67,0.4867,6,6799,11.290993,4.61942,1.453857816135543e-29,1.0995130156755982e-26,0.5,0.028254288597376387
15,0.67,0.4867,0,8894,11.273199,0.9628308,1.7798256200382257e-29,7.403184666549e-27,0.8130968622100955,0.6227308602999211
15,0.67,0.4867,2,2378,11.270289,1.6195,1.8396343571481247e-29,3.06078364342305e-27,0.46742209631728043,0.19489981785063754
15,0.67,0.4867,2,5102,11.266961,2.5760078,1.9105133798011928e-29,3.14723976367646e-27,0.19830028328611898,0.0358227079538555
15,0.67,0.4867,6,2507,11.266808,4.323771,1.913838870866445e-29,1.3844543971076485e-26,0.9444444444444444,0.1170534813319879
15,0.67,0.4867,2,1087,11.212658,1.5438646,3.5341957563328496e-29,5.708927086783102e-27,0.5354107648725213,0.2647237401335762
15,0.67,0.4867,4,13431,11.20168,2.3712678,4.000712364526348e-29,5.546987693415781e-26,0.6129032258064516,0.23739837398373984
15,0.67,0.4867,6,14558,11.19637,3.9818368,4.247822203297373e-29,2.9448027424359035e-26,0.6666666666666666,0.05095862764883956
15,0.67,0.4867,3,3632,11.161839,1.9365735,6.268143493150585e-29,3.724620408537123e-26,0.5829787234042553,0.254957507082153
15,0.67,0.4867,4,7979,11.120872,1.6641132,9.92966909316659e-29,1.2708448797854287e-25,0.9290322580645162,0.6953929539295393
15,0.67,0.4867,0,5816,11.0886,1.2611946,1.4250053376750226e-28,5.513776467031867e-26,0.5525238744884038,0.32359905288082086
15,0.67,0.4867,2,8198,11.0861635,1.3527297,1.4643398268571584e-28,2.3426621191585965e-26,0.6657223796033994,0.39040680024286584
15,0.67,0.4867,4,289,11.077988,1.9680395,1.604387468829947e-28,1.9066999075994756e-25,0.6838709677419355,0.2970189701897019
15,0.67,0.4867,2,10040,11.074566,1.6222031,1.6668617418809685e-28,2.641261491563386e-26,0.4985835694050991,0.2246508803885853
15,0.67,0.4867,3,4239,11.064937,1.182833,1.8559387599657456e-28,1.0647968651141406e-25,0.9319148936170213,0.7648725212464589
15,0.67,0.4867,4,531,11.048063,2.0707862,2.2399588323359008e-28,2.484562336826981e-25,0.6451612903225806,0.24390243902439024
15,0.67,0.4867,2,9011,10.99716,2.5100625,3.943588773061855e-28,6.132096262261976e-26,0.23796033994334279,0.05768063145112325
15,0.67,0.4867,5,168,10.993924,3.274235,4.0875854114608145e-28,3.2385355274230965e-25,0.6595744680851063,0.12698412698412698
15,0.67,0.4867,6,5226,10.987536,4.717195,4.387364545351344e-28,2.9198788522222265e-25,0.4444444444444444,0.02320887991927346
15,0.67,0.4867,0,12571,10.987268,1.4015441,4.400433693168161e-28,1.6269870174873745e-25,0.5129604365620737,0.2920284135753749
15,0.67,0.4867,6,4708,10.980693,6.1287236,4.732821016118018e-28,2.9226509040296697e-25,0.16666666666666666,0.0025227043390514633
15,0.67,0.4867,6,13783,10.980501,5.280623,4.742852170260914e-28,2.9226509040296697e-25,0.2222222222222222,0.005045408678102927
15,0.67,0.4867,2,4103,10.979772,3.7362733,4.781331812478984e-28,7.365907286669012e-26,0.11048158640226628,0.007893139040680024
15,0.67,0.4867,2,9327,10.955464,0.9892082,6.255686515571257e-28,9.548817637254548e-26,0.8838526912181303,0.7364905889496054
15,0.67,0.4867,4,2757,10.948167,3.128145,6.780628778160253e-28,6.681741736323211e-25,0.25806451612903225,0.04336043360433604
15,0.67,0.4867,4,1812,10.946607,1.9180899,6.898348692532328e-28,6.681741736323211e-25,0.7483870967741936,0.41897018970189703
15,0.67,0.4867,4,7873,10.942368,2.2384574,7.228714464107333e-28,6.681741736323211e-25,0.4774193548387097,0.14254742547425475
15,0.67,0.4867,5,11998,10.940405,3.510463,7.386932018941126e-28,5.586535224142839e-25,0.9574468085106383,0.3384536610343062
15,0.67,0.4867,0,13632,10.933975,1.477522,7.929663574118874e-28,2.7486196363789545e-25,0.3969986357435198,0.18705603788476716
15,0.67,0.4867,3,11550,10.894954,1.1792469,1.2182867849261341e-27,6.75661850920034e-25,0.9063829787234042,0.7297450424929178
15,0.67,0.4867,1,3094,10.868273,1.5837005,1.6326265673985685e-27,6.790910207094346e-24,0.6579520697167756,0.3861129136924075
15,0.67,0.4867,2,14701,10.865541,1.6303623,1.68222559589212e-27,2.544442678586645e-25,0.46175637393767704,0.20279295689131754
15,0.67,0.4867,2,10350,10.863323,2.6879349,1.7236021149917748e-27,2.583539818849833e-25,0.22096317280453256,0.051001821493624776
15,0.67,0.4867,0,850,10.849087,1.7327881,2.0142764708270805e-27,6.702706384324193e-25,0.28240109140518416,0.09707971586424625
15,0.67,0.4867,2,903,10.845457,1.4999322,2.09585991988895e-27,3.085921889124987e-25,0.509915014164306,0.24104432301153614
15,0.67,0.4867,2,3825,10.835902,1.5960553,2.326594890752351e-27,3.3956040168717205e-25,0.46742209631728043,0.21311475409836064
15,0.67,0.4867,2,4689,10.833093,2.0676248,2.399119301967523e-27,3.4710040822726648e-25,0.2804532577903683,0.07953855494839102
15,0.67,0.4867,2,4564,10.803849,1.9157646,3.3006890201846136e-27,4.73421240670962e-25,0.32294617563739375,0.1050394656952034
15,0.67,0.4867,6,10546,10.788873,4.9179716,3.8852525088156055e-27,2.3086725443455014e-24,0.3333333333333333,0.013118062563067608
15,0.67,0.4867,0,9237,10.785905,0.7500842,4.0127399978669486e-27,1.2839224631636596e-24,0.9249658935879945,0.8689818468823993
15,0.67,0.4867,2,15841,10.780678,2.259308,4.247461676532511e-27,6.040108322576746e-25,0.20679886685552407,0.042501517911353974
15,0.67,0.4867,4,13749,10.771373,2.511642,4.6993920522904044e-27,4.1151834192635655e-24,0.47096774193548385,0.15555555555555556
15,0.67,0.4867,4,13816,10.765341,2.158325,5.0175735108327126e-27,4.174119403661734e-24,0.5806451612903226,0.22710027100271002
15,0.67,0.4867,2,13650,10.733292,2.383058,7.102014830785018e-27,1.0013840911406876e-24,0.22662889518413598,0.05343047965998786
15,0.67,0.4867,0,4619,10.711288,1.2776868,9.009909849028626e-27,2.8284316993988357e-24,0.5552523874488404,0.35201262825572216
15,0.67,0.4867,4,13442,10.69421,1.9012688,1.0833878556560959e-26,8.583527210669582e-24,0.8258064516129032,0.4796747967479675
15,0.67,0.4867,0,1035,10.6894655,1.2039098,1.140258455027678e-26,3.513262995324168e-24,0.5525238744884038,0.3354380426203631
15,0.67,0.4867,6,81,10.678015,4.4266343,1.2900069864005998e-26,7.401081461976958e-24,0.7777777777777778,0.08123107971745712
15,0.67,0.4867,0,13236,10.663683,1.6897238,1.5051632464686255e-26,4.553255653589999e-24,0.3069577080491132,0.11681136543014996
15,0.67,0.4867,6,13626,10.654374,3.800071,1.6635974147103668e-26,9.226311261983694e-24,0.7222222222222222,0.06508577194752775
15,0.67,0.4867,3,4475,10.651437,25.658058,1.716938935460393e-26,9.21497742199678e-24,0.06382978723404255,0.0
15,0.67,0.4867,6,13733,10.647288,4.8470373,1.795178759918086e-26,9.634898131457134e-24,0.8888888888888888,0.11957618567103935
15,0.67,0.4867,3,9242,10.644326,2.2989163,1.853192805550125e-26,9.63544434335718e-24,0.3446808510638298,0.10311614730878187
15,0.67,0.4867,3,1827,10.608574,3.5319343,2.718669449934012e-26,1.3707037063030937e-23,0.14042553191489363,0.01529745042492918
15,0.67,0.4867,1,531,10.567655,1.5310826,4.208883709318079e-26,1.4005481431126842e-22,0.4596949891067538,0.2199870214146658
15,0.67,0.4867,5,12453,10.559011,5.528907,4.6149429016263684e-26,3.33840956509824e-23,0.10638297872340426,0.002048131080389145
15,0.67,0.4867,4,359,10.547627,3.3648617,5.209599615981484e-26,3.9398781095772694e-23,0.22580645161290322,0.03577235772357724
15,0.67,0.4867,0,2923,10.509125,1.1332748,7.841817214870345e-26,2.2113924545934374e-23,0.5470668485675307,0.33859510655090763
15,0.67,0.4867,6,6451,10.503655,4.317723,8.309845389518224e-26,3.2797852274324525e-23,0.5,0.03279515640766902
15,0.67,0.4867,6,13005,10.493384,25.226528,9.264930020995628e-26,3.2797852274324525e-23,0.05555555555555555,0.0
15,0.67,0.4867,6,8243,10.493384,25.226528,9.264930020995628e-26,3.2797852274324525e-23,0.05555555555555555,0.0
15,0.67,0.4867,6,13105,10.493384,25.226528,9.264930020995628e-26,3.2797852274324525e-23,0.05555555555555555,0.0
15,0.67,0.4867,6,14648,10.493384,25.226528,9.264930020995628e-26,3.2797852274324525e-23,0.05555555555555555,0.0
15,0.67,0.4867,6,8893,10.493384,25.226528,9.264930020995628e-26,3.2797852274324525e-23,0.05555555555555555,0.0
15,0.67,0.4867,6,10476,10.493384,25.226528,9.264930020995628e-26,3.2797852274324525e-23,0.05555555555555555,0.0
15,0.67,0.4867,6,14413,10.493384,25.226528,9.264930020995628e-26,3.2797852274324525e-23,0.05555555555555555,0.0
15,0.67,0.4867,6,15872,10.493384,25.226528,9.264930020995628e-26,3.2797852274324525e-23,0.05555555555555555,0.0
15,0.67,0.4867,6,12055,10.493384,25.226528,9.264930020995628e-26,3.2797852274324525e-23,0.05555555555555555,0.0
15,0.67,0.4867,6,15625,10.493384,25.226528,9.264930020995628e-26,3.2797852274324525e-23,0.05555555555555555,0.0
15,0.67,0.4867,6,5261,10.493384,25.226528,9.264930020995628e-26,3.2797852274324525e-23,0.05555555555555555,0.0
15,0.67,0.4867,6,6484,10.493384,25.226528,9.264930020995628e-26,3.2797852274324525e-23,0.05555555555555555,0.0
15,0.67,0.4867,6,2482,10.493384,25.226528,9.264930020995628e-26,3.2797852274324525e-23,0.05555555555555555,0.0
15,0.67,0.4867,6,5900,10.493384,25.226528,9.264930020995628e-26,3.2797852274324525e-23,0.05555555555555555,0.0
15,0.67,0.4867,6,16142,10.493384,25.226528,9.264930020995628e-26,3.2797852274324525e-23,0.05555555555555555,0.0
15,0.67,0.4867,4,10385,10.484199,2.532912,1.0210777463011775e-25,7.386387627373475e-23,0.33548387096774196,0.07859078590785908
15,0.67,0.4867,0,11813,10.474752,2.868187,1.1283199603096605e-25,3.128831249938689e-23,0.1446111869031378,0.022888713496448304
15,0.67,0.4867,0,3471,10.461463,0.79304737,1.2983575120075643e-25,3.5413233253740746e-23,0.9017735334242838,0.8366219415943172
15,0.67,0.4867,4,9921,10.410468,2.0266643,2.2212739505297187e-25,1.5398981662047275e-22,0.6258064516129033,0.2813008130081301
15,0.67,0.4867,5,5229,10.41022,6.252042,2.227052647899236e-25,1.5439042481561455e-22,0.0851063829787234,0.0010240655401945725
15,0.67,0.4867,6,1475,10.405897,6.8382215,2.3305008858264613e-25,8.078098695495971e-23,0.1111111111111111,0.0010090817356205853
15,0.67,0.4867,5,8997,10.386796,4.255935,2.8475765445157846e-25,1.895119141906145e-22,0.2978723404255319,0.026625704045058884
15,0.67,0.4867,3,9820,10.346506,2.5269957,4.340388152835984e-25,2.1239817084377974e-22,0.23404255319148937,0.05042492917847025
15,0.67,0.4867,3,5788,10.332079,1.6993718,5.045496965037149e-25,2.398485100122517e-22,0.451063829787234,0.1688385269121813
15,0.67,0.4867,5,1426,10.33181,4.317202,5.059667633601161e-25,3.237798080302158e-22,0.23404255319148937,0.015873015873015872
15,0.67,0.4867,4,4954,10.317981,1.7366651,5.843949263092105e-25,3.8892651135730577e-22,0.8193548387096774,0.581029810298103
15,0.67,0.4867,4,12137,10.262358,1.6531553,1.0413241211055707e-24,6.663673356520956e-22,0.7870967741935484,0.4222222222222222
15,0.67,0.4867,3,15085,10.203898,2.0674474,1.9046978588201882e-24,8.802878604180636e-22,0.33617021276595743,0.10198300283286119
15,0.67,0.4867,4,15849,10.203494,1.9562235,1.912659539873559e-24,1.1786233120154175e-21,0.45161290322580644,0.13604336043360435
15,0.67,0.4867,4,8443,10.178315,2.719164,2.478153053004341e-24,1.4725539462816509e-21,0.2967741935483871,0.06612466124661247
15,0.67,0.4867,0,763,10.158077,1.2414207,3.0503110327439866e-24,7.640895388289239e-22,0.4979536152796726,0.287292817679558
15,0.67,0.4867,0,8527,10.15723,1.0577173,3.076932269595979e-24,7.640895388289239e-22,0.5757162346521146,0.36464088397790057
15,0.67,0.4867,3,637,10.154141,1.8419406,3.1759173052221033e-24,1.4281327601158204e-21,0.33617021276595743,0.09971671388101983
15,0.67,0.4867,0,11998,10.122231,1.1899167,4.402642479415677e-24,1.0772230231252653e-21,0.4965893587994543,0.26992896606156275
15,0.67,0.4867,1,11384,10.10616,1.2005266,5.187796676572521e-24,1.4385760184135602e-20,0.6056644880174292,0.3621025308241402
15,0.67,0.4867,0,1093,10.085922,0.7988974,6.3763719052680616e-24,1.5375373298528986e-21,0.8485675306957708,0.760852407261247
15,0.67,0.4867,3,8941,10.051292,2.00712,9.067022493418467e-24,3.969924216986748e-21,0.548936170212766,0.28725212464589234
15,0.67,0.4867,4,7319,10.035041,2.4686213,1.0691526939689605e-23,6.133987076639849e-21,0.32903225806451614,0.08075880758807588
15,0.67,0.4867,4,6410,10.009322,2.1954873,1.3869902755743928e-23,7.692248068335583e-21,0.4129032258064516,0.12466124661246612
15,0.67,0.4867,3,12304,9.967475,2.389234,2.1153790455332213e-23,9.024532451174803e-21,0.2,0.038526912181303115
15,0.67,0.4867,4,8300,9.964056,1.5330611,2.189440688109517e-23,1.1750940054440693e-20,0.8903225806451613,0.610840108401084
15,0.67,0.4867,0,5876,9.9557905,1.4084264,2.379234136382828e-23,5.57545036072359e-21,0.3519781718963165,0.164956590370955
15,0.67,0.4867,0,1030,9.943639,0.608036,2.6882499770492174e-23,6.2120976552978994e-21,0.9699863574351978,0.925808997632202
15,0.67,0.4867,0,5142,9.937233,1.0201457,2.866791702547211e-23,6.5339288146548625e-21,0.660300136425648,0.5019731649565904
15,0.67,0.4867,3,6254,9.901868,1.3980006,4.085729816207577e-23,1.6994593170515418e-20,0.8297872340425532,0.626628895184136
15,0.67,0.4867,0,8669,9.889889,1.1911355,4.6053996160170097e-23,1.0216618508172133e-20,0.44201909959072305,0.23599052880820837
15,0.67,0.4867,4,6981,9.883287,3.0657916,4.919193553000411e-23,2.557673197963151e-20,0.16774193548387098,0.02113821138211382
15,0.67,0.4867,6,14399,9.879818,4.3133693,5.092534812016041e-23,1.7291753918841407e-20,0.4444444444444444,0.029263370332996974
15,0.67,0.4867,0,1118,9.866074,1.0269805,5.840601222287178e-23,1.2786305675843956e-20,0.6521145975443383,0.48697711128650356
15,0.67,0.4867,1,13344,9.852714,0.818378,6.671791759072239e-23,1.2333919031938212e-19,0.9281045751633987,0.8241401687216093
15,0.67,0.4867,1,15596,9.838682,1.7208585,7.670930930376348e-23,1.2762894881960168e-19,0.3224400871459695,0.13238157040882545
15,0.67,0.4867,0,4590,9.838433,1.6192492,7.689934688244666e-23,1.661625108350841e-20,0.29058663028649384,0.11838989739542226
15,0.67,0.4867,3,971,9.82816,3.4367096,8.516025674270435e-23,3.4098267917221325e-20,0.13617021276595745,0.017563739376770537
15,0.67,0.4867,3,7667,9.827084,3.3437028,8.607568533016563e-23,3.4098267917221325e-20,0.14468085106382977,0.020396600566572238
15,0.67,0.4867,5,7879,9.81189,3.6727552,1.0007695236102057e-22,6.166964197713556e-20,0.425531914893617,0.06451612903225806
15,0.67,0.4867,0,10440,9.808567,1.9754498,1.0342670191629085e-22,2.2061711108759578e-20,0.22783083219645292,0.07813733228097869
15,0.67,0.4867,5,11361,9.787653,3.9496555,1.2721412176757952e-22,7.559244849889244e-20,0.23404255319148937,0.017921146953405017
15,0.67,0.4867,6,2399,9.768912,4.1331663,1.5308704266365494e-22,5.094124431675782e-20,0.8333333333333334,0.11755802219979819
15,0.67,0.4867,6,15269,9.765956,5.6427927,1.5761826895443752e-22,5.142064233066532e-20,0.16666666666666666,0.0035317860746720484
15,0.67,0.4867,5,236,9.694478,3.8011618,3.1826215948259866e-22,1.8259468308522333e-19,0.2553191489361702,0.022017409114183307
15,0.67,0.4867,4,15828,9.690549,1.7067082,3.3074564112581157e-22,1.6185135226621333e-19,0.7161290322580646,0.3962059620596206
15,0.67,0.4867,4,13556,9.6657915,1.8265947,4.2135034583964797e-22,2.0029791583085893e-19,0.5483870967741935,0.22113821138211381
15,0.67,0.4867,3,1221,9.66362,4.1648393,4.303820248647164e-22,1.665278169697477e-19,0.07659574468085106,0.0033994334277620396
15,0.67,0.4867,0,5132,9.657498,1.0191447,4.568863414540629e-22,9.502093686390873e-20,0.5538881309686221,0.35438042620363064
15,0.67,0.4867,0,6183,9.650892,2.0561943,4.87296917582773e-22,1.0009439647829846e-19,0.20054570259208732,0.06156274664561957
15,0.67,0.4867,3,9479,9.641607,4.222338,5.334626745690747e-22,1.9723893287733921e-19,0.0851063829787234,0.0050991501416430595
15,0.67,0.4867,6,6833,9.639439,4.3218093,5.448517928903295e-22,1.7433161788671736e-19,0.3333333333333333,0.016649848637739658
15,0.67,0.4867,4,8638,9.633618,2.568643,5.766254970661532e-22,2.664970838940738e-19,0.3548387096774194,0.1046070460704607
15,0.67,0.4867,6,9920,9.63153,4.3321357,5.884649990208615e-22,1.814080394611789e-19,0.3888888888888889,0.02320887991927346
15,0.67,0.4867,6,11631,9.631476,3.743386,5.887747404077209e-22,1.814080394611789e-19,0.5,0.037840565085771945
15,0.67,0.4867,0,14048,9.626346,1.367242,6.189120291777024e-22,1.255787602616904e-19,0.34379263301500684,0.16101026045777428
15,0.67,0.4867,5,1231,9.624049,3.580125,6.328969707185237e-22,3.5100465996049325e-19,0.425531914893617,0.06554019457245264
15,0.67,0.4867,3,8939,9.611691,1.9583882,7.136660437601944e-22,2.53231989916117e-19,0.3148936170212766,0.09801699716713881
15,0.67,0.4867,3,7124,9.61145,3.684354,7.153446042828164e-22,2.53231989916117e-19,0.09787234042553192,0.00793201133144476
15,0.67,0.4867,6,5284,9.609716,4.8997583,7.274883141851604e-22,2.2007182857114e-19,0.2222222222222222,0.007063572149344097
15,0.67,0.4867,4,12932,9.587209,3.4347904,9.050046739183578e-22,4.069585882338821e-19,0.13548387096774195,0.014092140921409214
15,0.67,0.4867,3,7944,9.56359,1.9184216,1.1374100053319503e-21,3.9425474309818726e-19,0.4340425531914894,0.1830028328611898
15,0.67,0.4867,0,58,9.543923,1.3253368,1.3752824722129714e-21,2.7568614183951107e-19,0.43656207366984995,0.2549329123914759
15,0.67,0.4867,3,2712,9.541804,1.4626341,1.4036915361829904e-21,4.766248934492367e-19,0.6680851063829787,0.4294617563739377
15,0.67,0.4867,3,16232,9.533123,4.5526485,1.526211829515595e-21,5.078622483896094e-19,0.08085106382978724,0.004532577903682719
15,0.67,0.4867,3,10857,9.529017,5.240066,1.5877914859022697e-21,5.179936224008228e-19,0.06808510638297872,0.0022662889518413596
15,0.67,0.4867,6,2509,9.521598,3.6874738,1.705370757499979e-21,5.066778332729402e-19,0.6666666666666666,0.07114026236125126
15,0.67,0.4867,1,8578,9.51283,1.1785384,1.8554549684241408e-21,2.572588313720071e-18,0.7167755991285403,0.5055158987670344
15,0.67,0.4867,6,16524,9.485396,4.3286023,2.4146462258301616e-21,7.048225246554777e-19,0.5,0.040867810292633706
15,0.67,0.4867,0,16399,9.468659,1.3464644,2.8345912694703942e-21,5.483945295517258e-19,0.37517053206002726,0.1910023677979479
15,0.67,0.4867,5,7899,9.463986,5.5313635,2.964214232311445e-21,1.5909224644257362e-18,0.10638297872340426,0.0030721966205837174
15,0.67,0.4867,5,7753,9.456029,5.0314717,3.1986186451359738e-21,1.6630817818053853e-18,0.10638297872340426,0.0030721966205837174
15,0.67,0.4867,3,11261,9.450525,1.364226,3.3713512772588418e-21,1.0787027413660119e-18,0.5702127659574469,0.26912181303116145
15,0.67,0.4867,3,13917,9.44722,1.7967166,3.479483906762992e-21,1.0922953441645786e-18,0.4,0.1603399433427762
15,0.67,0.4867,4,13899,9.424842,0.88229424,4.307529137855063e-21,1.886017626200856e-18,0.9741935483870968,0.9880758807588076
15,0.67,0.4867,4,1334,9.410224,1.7954443,4.950826939671642e-21,2.112098939032225e-18,0.6516129032258065,0.3224932249322493
15,0.67,0.4867,0,5925,9.373148,0.81423604,7.040089172792925e-21,1.3014778184103186e-18,0.8062755798090041,0.6511444356748224
15,0.67,0.4867,6,4789,9.364532,3.9827302,7.638755714987496e-21,2.191269268723482e-18,0.3888888888888889,0.024217961654894045
15,0.67,0.4867,6,13041,9.352093,5.0896373,8.593029425894582e-21,2.4232342981022722e-18,0.2222222222222222,0.0075681130171543895
15,0.67,0.4867,4,3574,9.350611,5.0846562,8.714273554662881e-21,3.624702085062026e-18,0.06451612903225806,0.0016260162601626016
15,0.67,0.4867,4,11605,9.347532,2.313085,8.971642124347972e-21,3.640736138168331e-18,0.34838709677419355,0.1035230352303523
15,0.67,0.4867,6,5959,9.334023,3.4701438,1.0192669295009714e-20,2.8264271955061936e-18,0.7222222222222222,0.08627648839556004
15,0.67,0.4867,3,7123,9.324718,2.341378,1.112784201574591e-20,3.4286117677403786e-18,0.2297872340425532,0.058356940509915016
15,0.67,0.4867,6,1369,9.295629,4.411108,1.4633931325899406e-20,3.991464744267448e-18,0.3333333333333333,0.018163471241170535
15,0.67,0.4867,6,209,9.285008,5.449895,1.6169413619681122e-20,4.270265139750072e-18,0.16666666666666666,0.004036326942482341
15,0.67,0.4867,6,8310,9.285008,5.449895,1.6169413619681122e-20,4.270265139750072e-18,0.16666666666666666,0.004036326942482341
15,0.67,0.4867,6,9826,9.274358,4.300846,1.786920434656523e-20,4.645434717471129e-18,0.3333333333333333,0.018163471241170535
15,0.67,0.4867,3,11752,9.272152,2.987341,1.824270464150346e-20,5.518583996824266e-18,0.16170212765957448,0.029461756373937678
15,0.67,0.4867,6,6668,9.266989,6.2530074,1.9147564483928728e-20,4.9011873520554794e-18,0.1111111111111111,0.0015136226034308778
15,0.67,0.4867,6,13391,9.262243,5.995865,2.001806340165584e-20,5.046371801162877e-18,0.1111111111111111,0.0015136226034308778
15,0.67,0.4867,3,15388,9.210333,1.9496498,3.251158918314374e-20,9.659425371949027e-18,0.37872340425531914,0.14844192634560907
15,0.67,0.4867,6,4430,9.189805,4.585128,3.935536365304044e-20,9.773052842675923e-18,0.3888888888888889,0.026236125126135216
15,0.67,0.4867,0,9093,9.186281,1.256779,4.0665564362916236e-20,7.197804892236173e-18,0.3683492496589359,0.1894238358326756
15,0.67,0.4867,5,13420,9.181567,4.1863885,4.248608037738511e-20,2.1420709252088892e-17,0.2978723404255319,0.03533026113671275
15,0.67,0.4867,3,10073,9.177014,2.8018146,4.4320823794489235e-20,1.2937015198117753e-17,0.1574468085106383,0.028328611898016998
15,0.67,0.4867,5,8949,9.176513,2.9039013,4.4527734609284965e-20,2.178977789497892e-17,0.7659574468085106,0.26574500768049153
15,0.67,0.4867,1,4636,9.166482,1.022682,4.88706338911185e-20,5.807925762003069e-17,0.7864923747276689,0.6378974691758599
15,0.67,0.4867,4,6609,9.159399,4.734903,5.21872556642971e-20,2.019282697075756e-17,0.07096774193548387,0.0027100271002710027
15,0.67,0.4867,6,3148,9.148422,4.158335,5.777130872362791e-20,1.4135279919760606e-17,0.4444444444444444,0.034308779011099896
15,0.67,0.4867,3,7817,9.142228,2.135651,6.117837655632855e-20,1.7549755674899903e-17,0.24680851063829787,0.0679886685552408
15,0.67,0.4867,6,10115,9.135683,4.2083554,6.499511696961481e-20,1.5672300813629726e-17,0.3333333333333333,0.01866801210898083
15,0.67,0.4867,1,7873,9.127127,1.5042158,7.034148319996927e-20,7.802277316540591e-17,0.30718954248366015,0.127190136275146
15,0.67,0.4867,0,2106,9.114145,1.1260136,7.929303457857407e-20,1.3742474055399119e-17,0.7503410641200545,0.590370955011839
15,0.67,0.4867,1,4095,9.103122,0.9274496,8.777163731666064e-20,9.127153135466249e-17,0.7494553376906318,0.6099935107073329
15,0.67,0.4867,6,3346,9.096867,3.5646486,9.297518101971919e-20,2.209887231151554e-17,0.6666666666666666,0.07618567103935418
15,0.67,0.4867,1,2623,9.080715,1.6261543,1.0786366055103322e-19,1.0556679907341711e-16,0.2549019607843137,0.0927968851395198
15,0.67,0.4867,0,10897,9.080564,0.8592552,1.0801452423727043e-19,1.833822096183373e-17,0.791268758526603,0.590370955011839
15,0.67,0.4867,0,6547,9.071797,0.956594,1.1706971932260472e-19,1.9674807980701993e-17,0.5948158253751705,0.4206787687450671
15,0.67,0.4867,3,9277,9.063799,2.6564615,1.2598472728655457e-19,3.5527693094808386e-17,0.15319148936170213,0.027195467422096317
15,0.67,0.4867,4,10049,9.060453,2.6868846,1.2990924165057888e-19,4.912340824050753e-17,0.23225806451612904,0.04932249322493225
15,0.67,0.4867,0,12655,9.056469,1.8993257,1.3474167934707657e-19,2.24183206097666e-17,0.19508867667121418,0.06471981057616416
15,0.67,0.4867,1,7009,9.041793,1.0767685,1.5412321875533783e-19,1.4246122853618391e-16,0.5424836601307189,0.3309539260220636
15,0.67,0.4867,1,8561,9.024673,1.4290301,1.802317218354464e-19,1.5782607304727142e-16,0.3442265795206972,0.15963659961064244
15,0.67,0.4867,4,8634,8.980515,2.016944,2.695039969758944e-19,9.747842394967243e-17,0.36774193548387096,0.11653116531165311
15,0.67,0.4867,3,3226,8.980165,2.0644505,2.7036122970313856e-19,7.497116899668032e-17,0.24680851063829787,0.07025495750708215
15,0.67,0.4867,3,7483,8.960462,1.7440919,3.2332203425162944e-19,8.818740993243624e-17,0.33191489361702126,0.11728045325779037
15,0.67,0.4867,6,3212,8.9537945,4.3273,3.434671575149608e-19,7.946008318420129e-17,0.6111111111111112,0.07416750756811302
15,0.67,0.4867,6,6193,8.953669,4.150851,3.438589968302977e-19,7.946008318420129e-17,0.3888888888888889,0.02674066599394551
15,0.67,0.4867,0,7151,8.941697,0.7566623,3.8323727368649573e-19,6.251276234897957e-17,0.8390177353342428,0.7056037884767167
15,0.67,0.4867,3,6308,8.935158,0.9894983,4.0659601509591475e-19,1.0911200805106178e-16,0.8638297872340426,0.7784702549575071
15,0.67,0.4867,4,7411,8.9293375,1.5975187,4.2856643305655254e-19,1.517125173020196e-16,0.6580645161290323,0.3794037940379404
15,0.67,0.4867,5,8881,8.918669,2.7481587,4.7192500008775e-19,2.2433966147028524e-16,0.5106382978723404,0.10189452124935997
15,0.67,0.4867,0,10510,8.914405,0.89151955,4.904436422600538e-19,7.846155115310361e-17,0.5852660300136425,0.40252565114443567
15,0.67,0.4867,3,7487,8.8990755,3.5528145,5.631375490602775e-19,1.46398164707264e-16,0.07659574468085106,0.0050991501416430595
15,0.67,0.4867,5,622,8.89246,2.6693373,5.977099502795031e-19,2.76241615354177e-16,0.8085106382978723,0.31797235023041476
15,0.67,0.4867,3,12548,8.876081,1.332879,6.925721364765299e-19,1.7727715702610006e-16,0.5914893617021276,0.3240793201133145
15,0.67,0.4867,6,10735,8.864368,5.279718,7.693905234192849e-19,1.7535780176232962e-16,0.16666666666666666,0.004540867810292634
15,0.67,0.4867,0,6663,8.859096,1.3461807,8.066589883842243e-19,1.242702985994141e-16,0.3383356070941337,0.17521704814522493
15,0.67,0.4867,3,15137,8.854445,3.3524492,8.41007399629858e-19,2.120103199248724e-16,0.11063829787234042,0.014164305949008499
15,0.67,0.4867,5,8463,8.853699,3.6195893,8.46659025462062e-19,3.807219693415618e-16,0.2553191489361702,0.026625704045058884
15,0.67,0.4867,6,12895,8.836239,4.6614246,9.89946060665079e-19,2.2257733185602143e-16,0.2222222222222222,0.008577194752774974
15,0.67,0.4867,6,4002,8.8187685,3.7681022,1.157252573576409e-18,2.5672491092219054e-16,0.4444444444444444,0.03582240161453078
15,0.67,0.4867,1,8613,8.816324,0.7682832,1.1827904654997553e-18,9.839633882492466e-16,0.8540305010893247,0.7164179104477612
15,0.67,0.4867,0,9458,8.813058,1.3709065,1.2177711584557824e-18,1.8588327095768173e-16,0.3165075034106412,0.16022099447513813
15,0.67,0.4867,0,2390,8.802662,2.6941302,1.3360893003703296e-18,2.002689529690229e-16,0.10641200545702592,0.017363851617995266
15,0.67,0.4867,6,8543,8.802327,4.0708547,1.3400821911259938e-18,2.9213849145092635e-16,0.5,0.046922300706357216
15,0.67,0.4867,6,4134,8.801333,3.8535113,1.3520052795841644e-18,2.9213849145092635e-16,0.5,0.04641775983854692
15,0.67,0.4867,0,9249,8.799741,0.914387,1.3713232481991255e-18,2.0371496610300938e-16,0.6002728512960437,0.44909234411996846
15,0.67,0.4867,3,9265,8.790742,1.8614627,1.485752106934747e-18,3.689543814206018e-16,0.3276595744680851,0.12124645892351275
15,0.67,0.4867,5,14911,8.787073,4.004935,1.5350656704035841e-18,6.721163848467061e-16,0.19148936170212766,0.014848950332821301
15,0.67,0.4867,1,6196,8.784928,2.5898068,1.5646376348918996e-18,1.2396400461586392e-15,0.12636165577342048,0.025957170668397145
15,0.67,0.4867,6,16186,8.748907,3.7281055,2.1542806492159943e-18,4.595246338673809e-16,0.6666666666666666,0.08425832492431887
15,0.67,0.4867,0,9335,8.735113,1.470471,2.434128718394818e-18,3.552546808478332e-16,0.25375170532060026,0.10812943962115233
15,0.67,0.4867,6,1488,8.732407,4.2599535,2.4930972277241373e-18,5.250652110743569e-16,0.3333333333333333,0.020686175580221997
15,0.67,0.4867,6,6458,8.717278,3.6647804,2.8497063378394707e-18,5.926676756121639e-16,0.8888888888888888,0.16448032290615539
15,0.67,0.4867,4,4172,8.710336,1.6632525,3.0297719256210124e-18,1.044617674099257e-15,0.6064516129032258,0.30677506775067753
15,0.67,0.4867,4,15148,8.708602,2.3879907,3.0764674859276107e-18,1.044617674099257e-15,0.2903225806451613,0.08184281842818428
15,0.67,0.4867,6,946,8.706327,4.2148504,3.138795236409369e-18,6.447317918935689e-16,0.2777777777777778,0.014127144298688193
15,0.67,0.4867,1,16451,8.7013645,1.5701567,3.2791845471237807e-18,2.4799578406838846e-15,0.3137254901960784,0.14600908500973395
15,0.67,0.4867,3,14274,8.681027,2.1970487,3.922110749537108e-18,9.315698369724559e-16,0.2127659574468085,0.056090651558073655
15,0.67,0.4867,3,9887,8.680638,1.3783444,3.935530070002483e-18,9.315698369724559e-16,0.6468085106382979,0.3954674220963173
15,0.67,0.4867,3,1422,8.679494,3.566523,3.975325064613798e-18,9.315698369724559e-16,0.07659574468085106,0.0056657223796034
15,0.67,0.4867,3,445,8.673778,1.7267425,4.180164116829938e-18,9.659662579974514e-16,0.33617021276595743,0.12577903682719546
15,0.67,0.4867,4,15209,8.673753,2.1532705,4.181068617753051e-18,1.3640121502387305e-15,0.432258064516129,0.17181571815718158
15,0.67,0.4867,6,1647,8.649472,4.2475004,5.1738103947188505e-18,1.049778748138198e-15,0.4444444444444444,0.03884964682139253
15,0.67,0.4867,6,7957,8.633118,3.6213946,5.970195161110474e-18,1.196772374585013e-15,0.7777777777777778,0.12108980827447023
15,0.67,0.4867,6,12205,8.628803,4.727394,6.199718876953952e-18,1.227987174699522e-15,0.2777777777777778,0.014631685166498487
15,0.67,0.4867,6,15200,8.623951,4.674598,6.468286412543034e-18,1.266109992139894e-15,0.2222222222222222,0.009081735620585268
15,0.67,0.4867,0,7301,8.6081705,0.9808612,7.423565358626977e-18,1.0556690635626978e-15,0.4815825375170532,0.30386740331491713
15,0.67,0.4867,4,10386,8.601889,2.2640173,7.841482378810755e-18,2.5089727657433335e-15,0.2645161290322581,0.06829268292682927
15,0.67,0.4867,4,8550,8.595613,2.381628,8.282182064701632e-18,2.5774280874180043e-15,0.2645161290322581,0.06829268292682927
15,0.67,0.4867,4,12682,8.594466,1.7774926,8.365255242251006e-18,2.5774280874180043e-15,0.5096774193548387,0.22764227642276422
15,0.67,0.4867,1,4048,8.58375,1.1218684,9.182974503125189e-18,6.366097074291537e-15,0.48366013071895425,0.28163530175210905
15,0.67,0.4867,0,10056,8.57486,0.98932374,9.920753516467346e-18,1.387071403420031e-15,0.5170532060027285,0.3472770323599053
15,0.67,0.4867,6,5693,8.568377,3.656131,1.0495438420368991e-17,2.0305012143965032e-15,0.4444444444444444,0.037840565085771945
15,0.67,0.4867,5,10481,8.520199,3.8556395,1.5928009302913553e-17,6.795133814919889e-15,0.1702127659574468,0.01228878648233487
15,0.67,0.4867,6,3739,8.502528,5.3188863,1.8550607461048827e-17,3.5476437578957513e-15,0.16666666666666666,0.005045408678102927
15,0.67,0.4867,5,8260,8.501187,4.275528,1.8766180324242473e-17,7.805792705868657e-15,0.2765957446808511,0.03533026113671275
15,0.67,0.4867,0,7482,8.496416,1.037044,1.9553362542955184e-17,2.6886681486751104e-15,0.49113233287858116,0.3259668508287293
15,0.67,0.4867,0,14200,8.494016,0.85587347,1.9961746518569274e-17,2.7223240866881604e-15,0.8171896316507503,0.7213891081294396
15,0.67,0.4867,3,245,8.488012,1.9146281,2.1020117979273683e-17,4.726117877556156e-15,0.32340425531914896,0.12407932011331445
15,0.67,0.4867,6,15707,8.483381,4.9675474,2.1874222673301755e-17,4.135719509527211e-15,0.16666666666666666,0.005045408678102927
15,0.67,0.4867,5,7935,8.475885,4.656394,2.3329828382041585e-17,9.467358161473364e-15,0.1276595744680851,0.006656426011264721
15,0.67,0.4867,0,5895,8.449247,1.0073218,2.931874248193634e-17,3.933913204955297e-15,0.5934515688949522,0.4151539068666141
15,0.67,0.4867,0,15736,8.443225,0.9396421,3.086990889379483e-17,4.1089083533996665e-15,0.5266030013642565,0.3622730860299921
15,0.67,0.4867,6,3941,8.441153,3.3342578,3.1422489902647467e-17,5.87424030337358e-15,0.8333333333333334,0.14984863773965693
15,0.67,0.4867,3,11205,8.441057,2.0061464,3.1448062984884204e-17,6.884643051875044e-15,0.225531914893617,0.06458923512747876
15,0.67,0.4867,4,15166,8.4363575,1.7252197,3.2737978161648034e-17,9.726687154526785e-15,0.6,0.3111111111111111
15,0.67,0.4867,6,14949,8.422731,5.837718,3.67807196375148e-17,6.724808937681003e-15,0.1111111111111111,0.0020181634712411706
15,0.67,0.4867,6,13345,8.422731,5.837718,3.67807196375148e-17,6.724808937681003e-15,0.1111111111111111,0.0020181634712411706
15,0.67,0.4867,6,14307,8.418398,5.640661,3.8166775730604144e-17,6.82815929683647e-15,0.1111111111111111,0.0020181634712411706
15,0.67,0.4867,6,15010,8.418398,5.640661,3.8166775730604144e-17,6.82815929683647e-15,0.1111111111111111,0.0020181634712411706
15,0.67,0.4867,3,1279,8.41103,1.9221803,4.0642521149581404e-17,8.781951518009551e-15,0.251063829787234,0.07932011331444759
15,0.67,0.4867,0,4345,8.398949,0.8981812,4.504931775052663e-17,5.9486551486766835e-15,0.5948158253751705,0.44119968429360695
15,0.67,0.4867,0,8962,8.39498,1.3250942,4.659735433314364e-17,6.104620325943653e-15,0.296043656207367,0.14759273875295975
15,0.67,0.4867,3,8883,8.375371,2.5416496,5.5050379772610846e-17,1.1742669469957682e-14,0.17872340425531916,0.04362606232294618
15,0.67,0.4867,3,10716,8.370027,1.3847902,5.76053989563685e-17,1.2132134529570369e-14,0.4978723404255319,0.2441926345609065
15,0.67,0.4867,0,3854,8.370009,0.8689241,5.761368970906528e-17,7.430826119220373e-15,0.5743519781718963,0.4175217048145225
15,0.67,0.4867,4,3852,8.369742,1.357932,5.774414915113512e-17,1.6283850060620107e-14,0.896774193548387,0.7073170731707317
15,0.67,0.4867,3,7167,8.366759,1.5548522,5.922454817992761e-17,1.2317225407720445e-14,0.41702127659574467,0.1875354107648725
15,0.67,0.4867,5,3281,8.358585,5.429125,6.347453609515209e-17,2.514498408455096e-14,0.0851063829787234,0.002560163850486431
15,0.67,0.4867,4,15126,8.315111,2.041652,9.16661173475275e-17,2.5419014340469377e-14,0.4774193548387097,0.221680216802168
15,0.67,0.4867,5,8159,8.30963,2.8041813,9.600034737380879e-17,3.7145436735010016e-14,0.6595744680851063,0.20378904249871993
15,0.67,0.4867,3,1551,8.301956,1.8110873,1.0241079200451682e-16,2.052904526953194e-14,0.2765957446808511,0.09518413597733712
15,0.67,0.4867,0,4524,8.298918,0.7767603,1.0506380931853655e-16,1.3343905797265734e-14,0.694406548431105,0.5737963693764798
15,0.67,0.4867,3,5638,8.280731,3.7632337,1.2242172881948734e-16,2.4248246715459882e-14,0.07659574468085106,0.006798866855524079
15,0.67,0.4867,4,7196,8.271917,1.8237519,1.318211644318195e-16,3.595476284945267e-14,0.3225806451612903,0.0991869918699187
15,0.67,0.4867,5,3167,8.267728,3.3236399,1.3653664587751046e-16,5.0482149202444864e-14,0.2765957446808511,0.035842293906810034
15,0.67,0.4867,4,15215,8.25579,2.0792367,1.509011260842772e-16,4.049504735145491e-14,0.45806451612903226,0.208130081300813
15,0.67,0.4867,3,11769,8.25032,1.0271741,1.579699245948155e-16,3.0921218887159295e-14,0.8,0.6356940509915014
15,0.67,0.4867,4,6307,8.242355,1.7335422,1.6885345952339242e-16,4.459339459603497e-14,0.3741935483870968,0.12899728997289972
15,0.67,0.4867,6,8207,8.230456,3.9593813,1.8650169249328752e-16,3.301079957131189e-14,0.5555555555555556,0.06710393541876893
15,0.67,0.4867,0,208,8.225499,1.0541681,1.943803677877711e-16,2.4316545558292748e-14,0.3956343792633015,0.23362273086029992
15,0.67,0.4867,4,8006,8.211876,1.5335704,2.1775886800920155e-16,5.620270098399611e-14,0.5032258064516129,0.2151761517615176
15,0.67,0.4867,0,11289,8.20794,0.6361582,2.2501551817060323e-16,2.7938867099421614e-14,0.7612551159618008,0.6535122336227308
15,0.67,0.4867,4,8558,8.204627,1.0808208,2.3130770090417893e-16,5.831056860066257e-14,0.9612903225806452,0.8715447154471545
15,0.67,0.4867,3,14601,8.201098,1.9728241,2.382008913910595e-16,4.555386702257986e-14,0.2723404255319149,0.09405099150141644
15,0.67,0.4867,0,4549,8.199915,1.0170768,2.4055747295090734e-16,2.964737211079405e-14,0.5006821282401092,0.34333070244672453
15,0.67,0.4867,0,8584,8.1869545,0.78264326,2.6791920338527294e-16,3.2585996747033384e-14,0.5989085948158254,0.4222573007103394
15,0.67,0.4867,1,14047,8.183637,1.457138,2.754042685108127e-16,1.6364915069581793e-13,0.3006535947712418,0.14081765087605452
15,0.67,0.4867,6,5028,8.159836,4.9897065,3.3547932640399206e-16,5.8754789817996e-14,0.16666666666666666,0.005549949545913219
15,0.67,0.4867,6,10105,8.155564,4.9148088,3.4755403126922075e-16,6.023545804434682e-14,0.16666666666666666,0.005549949545913219
15,0.67,0.4867,5,5096,8.145813,3.1104243,3.767433978377046e-16,1.3626644898312455e-13,0.40425531914893614,0.07987711213517665
15,0.67,0.4867,3,4421,8.145388,1.7285947,3.780675031125054e-16,7.148053541802119e-14,0.3021276595744681,0.11274787535410764
15,0.67,0.4867,3,3838,8.143993,2.9472423,3.8245139661290824e-16,7.149692513309626e-14,0.09787234042553192,0.013031161473087818
15,0.67,0.4867,0,7342,8.13829,0.7392827,4.008985175798708e-16,4.833441692386877e-14,0.7353342428376535,0.6148382004735596
15,0.67,0.4867,3,13760,8.12472,1.1353408,4.483970034226895e-16,8.19827400323814e-14,0.7191489361702128,0.46855524079320116
15,0.67,0.4867,3,9253,8.10738,3.668699,5.172284544097659e-16,9.353964157032267e-14,0.07234042553191489,0.006232294617563739
15,0.67,0.4867,0,4728,8.104964,0.6716564,5.276109845813013e-16,6.270279686759778e-14,0.694406548431105,0.5201262825572218
15,0.67,0.4867,4,4239,8.095111,1.0776603,5.721202657990022e-16,1.4207368630393728e-13,0.896774193548387,0.7750677506775068
15,0.67,0.4867,6,10386,8.09434,3.228522,5.757566718477571e-16,9.875710831137095e-14,0.6111111111111112,0.07870837537840565
15,0.67,0.4867,6,13810,8.088465,3.062449,6.042143679870165e-16,1.0258080259763246e-13,0.8888888888888888,0.16851664984863773
15,0.67,0.4867,4,589,8.085409,1.5627453,6.195601098649313e-16,1.515917809990107e-13,0.6580645161290323,0.386449864498645
15,0.67,0.4867,3,7370,8.077803,1.4379207,6.59439905916004e-16,1.1797592639387606e-13,0.41702127659574467,0.1943342776203966
15,0.67,0.4867,4,15263,8.066002,2.009574,7.263765673641997e-16,1.751514975044283e-13,0.2838709677419355,0.08401084010840108
15,0.67,0.4867,5,9271,8.054127,2.6805377,8.004826452773831e-16,2.8337085642819363e-13,0.425531914893617,0.08346134152585766
15,0.67,0.4867,0,5943,8.052194,0.82555753,8.132278875361941e-16,9.528510980864224e-14,0.6275579809004093,0.47671665351223363
15,0.67,0.4867,4,346,8.048122,3.2583282,8.407376449461252e-16,1.99831327665909e-13,0.10967741935483871,0.013550135501355014
15,0.67,0.4867,4,102,8.031013,1.2595927,9.667149518400985e-16,2.265380756157121e-13,0.7354838709677419,0.5495934959349593
15,0.67,0.4867,0,330,8.029923,1.0278196,9.753365643719385e-16,1.1269201220847439e-13,0.4542974079126876,0.2999210734017364
15,0.67,0.4867,3,2755,8.017722,1.5593832,1.0772425145649756e-15,1.9067192507800068e-13,0.44680851063829785,0.22096317280453256
15,0.67,0.4867,1,501,8.017691,0.88832414,1.0775190307711405e-15,5.485965205406725e-13,0.7124183006535948,0.5574302401038287
15,0.67,0.4867,1,3150,8.016964,2.213484,1.0839100217203034e-15,5.485965205406725e-13,0.1503267973856209,0.04412719013627515
15,0.67,0.4867,1,4501,8.016491,1.3615731,1.0880926299941212e-15,5.485965205406725e-13,0.3028322440087146,0.14341336794289422
15,0.67,0.4867,3,14722,8.012625,3.9577606,1.1228554129190341e-15,1.9665335115944097e-13,0.06382978723404255,0.004532577903682719
15,0.67,0.4867,1,4997,8.005577,1.9510661,1.1890777047573284e-15,5.818786721103656e-13,0.19172113289760348,0.06943543153796236
15,0.67,0.4867,0,3094,8.004711,1.0501066,1.197476396984714e-15,1.362771948694562e-13,0.5593451568894953,0.38437253354380424
15,0.67,0.4867,1,14816,7.997548,0.8609262,1.2692143682854059e-15,6.033482474152166e-13,0.7167755991285403,0.5522388059701493
15,0.67,0.4867,6,6517,7.9875298,2.9992957,1.3766951379749895e-15,2.313682192487664e-13,0.6666666666666666,0.09283551967709384
15,0.67,0.4867,1,8558,7.985878,0.66321844,1.3952542519927182e-15,6.448400067959679e-13,0.9389978213507625,0.8604802076573653
15,0.67,0.4867,3,8312,7.984463,2.6322467,1.4113510954965814e-15,2.4208308790589817e-13,0.12340425531914893,0.0226628895184136
15,0.67,0.4867,4,26,7.97602,3.1822715,1.511273953855182e-15,3.492302228367016e-13,0.13548387096774195,0.02168021680216802
15,0.67,0.4867,3,7105,7.959959,1.9381291,1.7209653310341695e-15,2.921777671198624e-13,0.19574468085106383,0.053824362606232294
15,0.67,0.4867,5,10740,7.956384,2.983907,1.7714004648325054e-15,6.140116861225672e-13,0.7021276595744681,0.30721966205837176
15,0.67,0.4867,4,13971,7.9555635,1.8026867,1.7831824340005226e-15,4.0641903201233826e-13,0.4129032258064516,0.16856368563685636
15,0.67,0.4867,0,5647,7.954673,0.7074447,1.7960569835334583e-15,2.0055567846999786e-13,0.772169167803547,0.665351223362273
15,0.67,0.4867,6,10431,7.9459147,3.8623307,1.927632730747699e-15,3.2071953374180213e-13,0.3333333333333333,0.02472250252270434
15,0.67,0.4867,3,13428,7.9389005,2.4280486,2.039816682893959e-15,3.4281282797969384e-13,0.13191489361702127,0.026062322946175637
15,0.67,0.4867,3,9861,7.9246893,0.77731,2.2871725986254718e-15,3.80539776959306e-13,0.9574468085106383,0.8526912181303116
15,0.67,0.4867,3,2036,7.918042,2.966665,2.4127922934775867e-15,3.9746572454336725e-13,0.08936170212765958,0.0113314447592068
15,0.67,0.4867,0,4756,7.910359,0.908789,2.566476847840938e-15,2.846736119625168e-13,0.42837653478854026,0.26045777426992894
15,0.67,0.4867,0,10577,7.908437,1.1018062,2.6064130490268568e-15,2.8718874377290624e-13,0.30559345156889495,0.15627466456195738
15,0.67,0.4867,0,655,7.8977857,1.0482601,2.83901461888774e-15,3.107600344016725e-13,0.3165075034106412,0.16258879242304658
15,0.67,0.4867,3,3591,7.895706,5.0958867,2.8867622672869085e-15,4.674721906131588e-13,0.05106382978723404,0.0022662889518413596
15,0.67,0.4867,3,852,7.8944693,3.4307532,2.9155304186139952e-15,4.674721906131588e-13,0.08085106382978724,0.009065155807365438
15,0.67,0.4867,3,3646,7.894191,1.9294953,2.9220523995533424e-15,4.674721906131588e-13,0.1829787234042553,0.04815864022662889
15,0.67,0.4867,5,8593,7.86967,2.8673823,3.555781696101472e-15,1.2073693032599246e-12,0.44680851063829785,0.10138248847926268
15,0.67,0.4867,0,6589,7.868278,1.4588656,3.595560771276924e-15,3.9099960857846705e-13,0.2155525238744884,0.09234411996842937
15,0.67,0.4867,4,9067,7.8624077,1.5547302,3.7681931307865594e-15,8.47232396081443e-13,0.4064516129032258,0.15338753387533877
15,0.67,0.4867,3,289,7.862068,1.2713726,3.7784205033624355e-15,5.987177174756591e-13,0.5361702127659574,0.2991501416430595
15,0.67,0.4867,4,4406,7.848056,2.2026696,4.225353407350694e-15,9.373523998866779e-13,0.33548387096774196,0.12520325203252033
15,0.67,0.4867,0,1090,7.814445,1.2386824,5.52057761905865e-15,5.887908360634475e-13,0.25375170532060026,0.11996842936069456
15,0.67,0.4867,3,8012,7.80763,1.3344927,5.827323077634319e-15,9.081951237336159e-13,0.6595744680851063,0.4730878186968839
15,0.67,0.4867,0,7281,7.778314,0.9120784,7.349741812796838e-15,7.739557232994543e-13,0.47885402455661663,0.324388318863457
15,0.67,0.4867,5,1032,7.7738104,2.1362996,7.615962073688477e-15,2.5342875396405773e-12,0.851063829787234,0.43830005120327703
15,0.67,0.4867,1,8900,7.7626076,2.2128859,8.32007436347464e-15,3.642878875249765e-12,0.11328976034858387,0.026606099935107073
15,0.67,0.4867,1,5498,7.753262,0.52433926,8.956160122491053e-15,3.82083569533349e-12,0.9193899782135077,0.8767034393251135
15,0.67,0.4867,4,15133,7.7497287,1.9707252,9.208895304375181e-15,2.0160210536078193e-12,0.4258064516129032,0.1886178861788618
15,0.67,0.4867,4,13358,7.7219243,1.3083797,1.1458630074213033e-14,2.4759569762955383e-12,0.7225806451612903,0.4682926829268293
15,0.67,0.4867,5,8817,7.716008,3.6329265,1.2002975754189333e-14,3.883729625323354e-12,0.19148936170212766,0.01945724526369688
15,0.67,0.4867,5,13853,7.71458,5.4081507,1.2138113987066617e-14,3.883729625323354e-12,0.06382978723404255,0.0015360983102918587
15,0.67,0.4867,1,1354,7.663889,0.9802217,1.8038562786324754e-14,7.320136771679787e-12,0.49019607843137253,0.31797534068786504
15,0.67,0.4867,4,4735,7.639785,1.4408346,2.1758497141846887e-14,4.6412548134108775e-12,0.6838709677419355,0.4444444444444444
15,0.67,0.4867,3,9310,7.6007767,1.1086618,2.943582258474294e-14,4.4931487721555325e-12,0.6297872340425532,0.4441926345609065
15,0.67,0.4867,1,6643,7.593269,1.0836135,3.119345808500827e-14,1.2357065609961133e-11,0.4226579520697168,0.24529526281635303
15,0.67,0.4867,4,14654,7.592723,1.0629377,3.1325147641345166e-14,6.597314005781024e-12,0.9548387096774194,0.8623306233062331
15,0.67,0.4867,3,11301,7.5905237,1.115317,3.186150408791895e-14,4.819197318316323e-12,0.676595744680851,0.48951841359773374
15,0.67,0.4867,4,15156,7.548591,2.208175,4.3999107206051786e-14,9.150714321178621e-12,0.25161290322580643,0.07642276422764227
15,0.67,0.4867,4,5797,7.524426,1.7183838,5.295240476383642e-14,1.074417207878915e-11,0.36129032258064514,0.13875338753387534
15,0.67,0.4867,3,4397,7.521789,3.204515,5.403165322842612e-14,8.09890672445544e-12,0.08936170212765958,0.013031161473087818
15,0.67,0.4867,3,3146,7.505564,3.1716402,6.11645240852385e-14,9.086208497591054e-12,0.07234042553191489,0.00793201133144476
15,0.67,0.4867,1,8964,7.5054607,1.148907,6.121301619613951e-14,2.3685166592357422e-11,0.4139433551198257,0.25243348475016225
15,0.67,0.4867,5,1970,7.465694,2.247136,8.28618674109783e-14,2.601237264120485e-11,0.7659574468085106,0.36098310291858676
15,0.67,0.4867,3,13433,7.457251,1.8014039,8.834641293743352e-14,1.3008032021708132e-11,0.2127659574468085,0.06855524079320113
15,0.67,0.4867,3,6153,7.450107,1.5657635,9.326464718288858e-14,1.3578844056810036e-11,0.3191489361702128,0.1388101983002833
15,0.67,0.4867,4,6352,7.4320803,1.4374859,1.0690277977717072e-13,2.142949939677791e-11,0.5612903225806452,0.3100271002710027
15,0.67,0.4867,5,2645,7.4265323,2.6804607,1.1148157675532243e-13,3.4348712482501007e-11,0.425531914893617,0.09984639016897082
15,0.67,0.4867,5,1360,7.359425,7.144132,1.8470412363527782e-13,5.468881785379915e-11,0.0425531914893617,0.0005120327700972862
15,0.67,0.4867,1,3131,7.358155,1.1903707,1.8646966618910999e-13,6.894405124565359e-11,0.3093681917211329,0.1609344581440623
15,0.67,0.4867,5,5589,7.35752,6.3979564,1.8735801284208148e-13,5.468881785379915e-11,0.0425531914893617,0.0005120327700972862
15,0.67,0.4867,5,1446,7.35752,6.3979564,1.8735801284208148e-13,5.468881785379915e-11,0.0425531914893617,0.0005120327700972862
15,0.67,0.4867,5,7383,7.3537054,5.7333593,1.9278664636813005e-13,5.5303176246085305e-11,0.0425531914893617,0.0005120327700972862
15,0.67,0.4867,4,6741,7.296208,1.7837402,2.9599110826370917e-13,5.862738165823325e-11,0.27741935483870966,0.0910569105691057
15,0.67,0.4867,5,1492,7.2500286,2.7944646,4.1668415801924106e-13,1.1554651701873554e-10,0.425531914893617,0.10957501280081926
15,0.67,0.4867,4,7192,7.21674,2.3758438,5.32486479953654e-13,1.0301755876126622e-10,0.14193548387096774,0.028184281842818428
15,0.67,0.4867,4,2290,7.2132454,1.6846651,5.463387184814524e-13,1.0448257009303914e-10,0.3032258064516129,0.10677506775067751
15,0.67,0.4867,1,10236,7.1706195,1.1276855,7.465918301364904e-13,2.5878739312106096e-10,0.32679738562091504,0.17715768981181051
15,0.67,0.4867,5,7278,7.162945,3.8376057,7.896204496517145e-13,2.1537221379188896e-10,0.1702127659574468,0.017921146953405017
15,0.67,0.4867,4,5280,7.155704,2.3125832,8.324460811285765e-13,1.5738906702065064e-10,0.2064516129032258,0.056910569105691054
15,0.67,0.4867,5,7355,7.1088147,3.093892,1.1704373106117626e-12,3.091069202215636e-10,0.23404255319148937,0.03379416282642089
15,0.67,0.4867,5,1606,7.1008644,4.379542,1.2397879366401966e-12,3.223061201534311e-10,0.0851063829787234,0.00409626216077829
15,0.67,0.4867,1,9989,7.09601,0.72665995,1.2840980465331013e-12,4.360168020044437e-10,0.7886710239651417,0.6748864373783258
15,0.67,0.4867,1,8700,7.0911474,0.5873492,1.3300448768227456e-12,4.425857332115368e-10,0.8104575163398693,0.7008436080467229
15,0.67,0.4867,5,8425,7.086875,2.4355338,1.3717424627489624e-12,3.511238630033421e-10,0.425531914893617,0.10291858678955453
15,0.67,0.4867,4,14664,7.066798,1.4679092,1.5854937704061154e-12,2.9310494835574385e-10,0.44516129032258067,0.2146341463414634
15,0.67,0.4867,1,7923,7.0648794,0.86392456,1.607553565841581e-12,5.244407103622005e-10,0.5206971677559913,0.35885788449059053
15,0.67,0.4867,4,9360,7.0112977,1.5679085,2.3611749700094374e-12,4.2242181882813996e-10,0.49032258064516127,0.24715447154471545
15,0.67,0.4867,4,13760,7.002133,1.2861664,2.5209518910672184e-12,4.4620848471889764e-10,0.6774193548387096,0.48292682926829267
15,0.67,0.4867,4,1380,6.997983,1.2238034,2.596735605420607e-12,4.547840737156638e-10,0.6387096774193548,0.4211382113821138
15,0.67,0.4867,5,11434,6.984122,3.842031,2.866431162446972e-12,7.15559693121532e-10,0.19148936170212766,0.024065540194572452
15,0.67,0.4867,4,5951,6.9838505,2.0142126,2.871976136868743e-12,4.97749364221064e-10,0.2,0.055284552845528454
15,0.67,0.4867,4,3428,6.9787498,1.2642953,2.978180081229034e-12,5.108346411493677e-10,0.6064516129032258,0.35663956639566397
15,0.67,0.4867,4,12647,6.96823,1.416614,3.2095408777877196e-12,5.449014400472662e-10,0.5741935483870968,0.33875338753387535
15,0.67,0.4867,1,14200,6.965383,0.7320258,3.275111630689829e-12,1.0281378738003278e-09,0.8496732026143791,0.7287475665152499
15,0.67,0.4867,1,1935,6.959948,0.7174003,3.403986761006488e-12,1.0488061431412213e-09,0.7407407407407407,0.5853341985723556
15,0.67,0.4867,4,637,6.9571557,1.6743753,3.4721083785248114e-12,5.776893920189581e-10,0.3032258064516129,0.11273712737127371
15,0.67,0.4867,5,1318,6.9531713,3.3039193,3.5716450807978394e-12,8.738975125634478e-10,0.2127659574468085,0.029697900665642603
15,0.67,0.4867,4,11550,6.939753,0.9065735,3.927864365376842e-12,6.470475971399991e-10,0.8451612903225807,0.7425474254742548
15,0.67,0.4867,1,4065,6.9367013,2.0393186,4.0136174936614525e-12,1.21415577926435e-09,0.11764705882352941,0.03504218040233614
15,0.67,0.4867,4,15186,6.923458,1.9940976,4.4074901908769745e-12,7.189394293706971e-10,0.3870967741935484,0.1831978319783198
15,0.67,0.4867,5,12343,6.876308,2.7682824,6.142371271664263e-12,1.4811126553326087e-09,0.3191489361702128,0.06605222734254992
15,0.67,0.4867,4,12222,6.8424816,1.4779406,7.783295240703427e-12,1.2451775597579195e-09,0.36129032258064514,0.15121951219512195
15,0.67,0.4867,1,7342,6.807483,0.65813565,9.932104745050864e-12,2.8008535381043435e-09,0.7647058823529411,0.627514600908501
15,0.67,0.4867,1,393,6.804039,1.361055,1.0172589616817127e-11,2.8208591007433895e-09,0.25925925925925924,0.13303049967553537
15,0.67,0.4867,4,12917,6.8014307,1.5385255,1.0358517166693047e-11,1.6107010151349433e-09,0.36129032258064514,0.15555555555555556
15,0.67,0.4867,1,4982,6.7776484,1.2550843,1.2214749426445324e-11,3.27788711221286e-09,0.3355119825708061,0.199870214146658
15,0.67,0.4867,1,2304,6.760666,1.7232666,1.3735882400866081e-11,3.6275811331049182e-09,0.1786492374727669,0.07462686567164178
15,0.67,0.4867,1,6226,6.751621,1.8616711,1.4620271639101224e-11,3.800813742677596e-09,0.14596949891067537,0.053212199870214145
15,0.67,0.4867,4,8549,6.7445235,3.9606843,1.53530088236709e-11,2.3222123709839677e-09,0.05806451612903226,0.004878048780487805
15,0.67,0.4867,5,13601,6.730335,3.993039,1.6927277671515026e-11,3.911611748592597e-09,0.1276595744680851,0.011264720942140297
15,0.67,0.4867,1,1669,6.699479,1.3608072,2.0916383015725847e-11,5.043576530661545e-09,0.22004357298474944,0.10382868267358858
15,0.67,0.4867,4,8948,6.670656,1.2316673,2.5466240603763392e-11,3.81718298347221e-09,0.5870967741935483,0.36964769647696477
15,0.67,0.4867,4,15869,6.6465173,3.056787,3.001095699742067e-11,4.458234843956117e-09,0.0967741935483871,0.015718157181571817
15,0.67,0.4867,5,262,6.631572,1.9630638,3.321312646100433e-11,7.569862987098492e-09,0.6595744680851063,0.2713773681515617
15,0.67,0.4867,4,2758,6.628263,3.8776968,3.396602206031537e-11,4.957251535434449e-09,0.05161290322580645,0.003794037940379404
15,0.67,0.4867,1,12222,6.6165404,1.1351136,3.6770178792953164e-11,8.616651193762744e-09,0.2679738562091503,0.13757300454250487
15,0.67,0.4867,5,9497,6.6121054,2.5006707,3.788918960504026e-11,8.518923468225133e-09,0.3829787234042553,0.09779825908858167
15,0.67,0.4867,1,9118,6.607951,0.8651288,3.896748258683304e-11,9.004735767774e-09,0.44880174291938996,0.2946138870863076
15,0.67,0.4867,5,2536,6.6020627,2.8802004,4.0547593911933317e-11,8.995078233423285e-09,0.3191489361702128,0.07117255504352278
15,0.67,0.4867,4,6580,6.598185,1.4629959,4.1622119056050375e-11,6.0218157987353576e-09,0.3225806451612903,0.12845528455284552
15,0.67,0.4867,5,8947,6.576101,2.0327072,4.8294456190947926e-11,1.0435365741623268e-08,0.7446808510638298,0.38863287250384027
15,0.67,0.4867,4,1832,6.540342,2.3716798,6.13784284251985e-11,8.654358407952989e-09,0.11612903225806452,0.022764227642276424
15,0.67,0.4867,5,2725,6.5330515,3.8666675,6.444301549461182e-11,1.357218850378926e-08,0.10638297872340426,0.00819252432155658
15,0.67,0.4867,1,1335,6.5310698,0.86610174,6.530157039443071e-11,1.4682263894899164e-08,0.5294117647058824,0.3692407527579494
15,0.67,0.4867,5,12393,6.5048904,2.0234737,7.775009969714672e-11,1.6016482471783707e-08,0.6808510638297872,0.31746031746031744
15,0.67,0.4867,5,8577,6.5044575,1.729338,7.79742204720808e-11,1.6016482471783707e-08,0.8723404255319149,0.5294418842805939
15,0.67,0.4867,5,10339,6.489418,1.9076259,8.616858172015699e-11,1.748381539829234e-08,0.723404255319149,0.3425499231950845
15,0.67,0.4867,1,6293,6.482064,0.73524004,9.047636898158171e-11,1.9299305475840466e-08,0.5904139433551199,0.4263465282284231
15,0.67,0.4867,1,4695,6.47788,0.8203683,9.30204054335321e-11,1.959080386839376e-08,0.514161220043573,0.3705386112913692
15,0.67,0.4867,4,5221,6.449903,1.6845249,1.1192180851565508e-10,1.5139471951898123e-08,0.24516129032258063,0.08509485094850948
15,0.67,0.4867,4,9361,6.4483433,2.4480836,1.13079497911058e-10,1.5172715211646638e-08,0.13548387096774195,0.03143631436314363
15,0.67,0.4867,5,12101,6.4461765,23.82465,1.1470707111455974e-10,1.927773989094995e-08,0.02127659574468085,0.0
15,0.67,0.4867,5,6441,6.4461765,23.82465,1.1470707111455974e-10,1.927773989094995e-08,0.02127659574468085,0.0
15,0.67,0.4867,5,10277,6.4461765,23.82465,1.1470707111455974e-10,1.927773989094995e-08,0.02127659574468085,0.0
15,0.67,0.4867,5,13443,6.4461765,23.82465,1.1470707111455974e-10,1.927773989094995e-08,0.02127659574468085,0.0
15,0.67,0.4867,5,12748,6.4461765,24.49534,1.1470707111455974e-10,1.927773989094995e-08,0.02127659574468085,0.0
15,0.67,0.4867,5,3242,6.4461765,23.82465,1.1470707111455974e-10,1.927773989094995e-08,0.02127659574468085,0.0
15,0.67,0.4867,5,16411,6.4461765,23.82465,1.1470707111455974e-10,1.927773989094995e-08,0.02127659574468085,0.0
15,0.67,0.4867,5,15651,6.4461765,23.82465,1.1470707111455974e-10,1.927773989094995e-08,0.02127659574468085,0.0
15,0.67,0.4867,5,11533,6.4461765,23.82465,1.1470707111455974e-10,1.927773989094995e-08,0.02127659574468085,0.0
15,0.67,0.4867,5,9502,6.4461765,23.82465,1.1470707111455974e-10,1.927773989094995e-08,0.02127659574468085,0.0
15,0.67,0.4867,5,4304,6.4461765,24.49534,1.1470707111455974e-10,1.927773989094995e-08,0.02127659574468085,0.0
15,0.67,0.4867,5,14000,6.4461765,23.82465,1.1470707111455974e-10,1.927773989094995e-08,0.02127659574468085,0.0
15,0.67,0.4867,5,14959,6.4461765,23.82465,1.1470707111455974e-10,1.927773989094995e-08,0.02127659574468085,0.0
15,0.67,0.4867,5,15618,6.4461765,24.49534,1.1470707111455974e-10,1.927773989094995e-08,0.02127659574468085,0.0
15,0.67,0.4867,5,6684,6.4461765,23.82465,1.1470707111455974e-10,1.927773989094995e-08,0.02127659574468085,0.0
15,0.67,0.4867,5,16623,6.4461765,23.82465,1.1470707111455974e-10,1.927773989094995e-08,0.02127659574468085,0.0
15,0.67,0.4867,5,1452,6.4461765,23.82465,1.1470707111455974e-10,1.927773989094995e-08,0.02127659574468085,0.0
15,0.67,0.4867,5,838,6.43729,2.9439235,1.2162511664110075e-10,2.0235986906746344e-08,0.2127659574468085,0.033282130056323606
15,0.67,0.4867,1,8902,6.4201703,0.96017873,1.3612210690599446e-10,2.7619507496365073e-08,0.42483660130718953,0.28228423101881894
15,0.67,0.4867,5,7460,6.399594,2.1188645,1.5579104622552085e-10,2.5663875515843724e-08,0.6382978723404256,0.27291346646185355
15,0.67,0.4867,1,4136,6.395905,0.89783233,1.5959929524993814e-10,3.161206040914846e-08,0.35294117647058826,0.20506164828033743
15,0.67,0.4867,4,15430,6.3879905,1.6976992,1.680798601434614e-10,2.201978514225914e-08,0.2838709677419355,0.1111111111111111
15,0.67,0.4867,4,3061,6.3740234,1.6732758,1.8413251035670693e-10,2.3934349275897577e-08,0.25161290322580643,0.0915989159891599
15,0.67,0.4867,5,6641,6.362509,2.7665918,1.9848477451062924e-10,3.2062035711726694e-08,0.2553191489361702,0.047619047619047616
15,0.67,0.4867,1,589,6.3109503,0.774667,2.773271854949632e-10,5.126855235850219e-08,0.5206971677559913,0.3737832576249189
15,0.67,0.4867,5,2305,6.2990727,5.7741036,2.994318990054547e-10,4.7447123196692906e-08,0.0425531914893617,0.0010240655401945725
15,0.67,0.4867,5,14808,6.289162,4.7329545,3.191835740272241e-10,5.0099776459103345e-08,0.0425531914893617,0.0010240655401945725
15,0.67,0.4867,1,1118,6.281333,0.6827832,3.3568181631545395e-10,6.137444021820355e-08,0.6601307189542484,0.5139519792342635
15,0.67,0.4867,1,3234,6.253817,0.98529166,4.0053993354540337e-10,7.165788617557442e-08,0.46405228758169936,0.32770927968851393
15,0.67,0.4867,1,7968,6.2491207,0.41762093,4.127699635649353e-10,7.306028355099354e-08,0.9673202614379085,0.9506813757300454
15,0.67,0.4867,5,8685,6.2312245,2.9545183,4.6280312498369173e-10,7.129739253220984e-08,0.2553191489361702,0.05017921146953405
15,0.67,0.4867,5,6757,6.2261333,3.8368738,4.780865061819623e-10,7.297617697115127e-08,0.1276595744680851,0.013312852022529442
15,0.67,0.4867,5,13314,6.223951,3.1387658,4.847882905452632e-10,7.33264325281099e-08,0.19148936170212766,0.029185867895545316
15,0.67,0.4867,5,10983,6.2044163,3.2087572,5.490022900937184e-10,8.160178687617981e-08,0.14893617021276595,0.017921146953405017
15,0.67,0.4867,1,9067,6.2002,1.0280626,5.639148645247704e-10,9.876226858908558e-08,0.2701525054466231,0.14406229720960415
15,0.67,0.4867,1,15914,6.179299,0.9902385,6.438684964966979e-10,1.1044004169806248e-07,0.289760348583878,0.16353017521090202
15,0.67,0.4867,1,771,6.1541615,0.7660487,7.54757784673089e-10,1.2813938797337607e-07,0.6013071895424836,0.4607397793640493
15,0.67,0.4867,1,2201,6.1260552,1.4694028,9.008466033722606e-10,1.4988285786907672e-07,0.14814814814814814,0.06035042180402336
15,0.67,0.4867,1,11858,6.1236343,0.8117051,9.146463395944693e-10,1.506721366155721e-07,0.5054466230936819,0.3627514600908501
15,0.67,0.4867,1,188,6.0457144,1.4360994,1.487493910672918e-09,2.4028081248326227e-07,0.14596949891067537,0.05970149253731343
15,0.67,0.4867,1,12647,6.0074916,0.7323269,1.884153106623816e-09,2.985575179810195e-07,0.4749455337690632,0.3218689162881246
15,0.67,0.4867,1,6658,6.004467,1.0328779,1.9196168560370977e-09,3.013074080258984e-07,0.3289760348583878,0.20571057754704739
15,0.67,0.4867,1,10449,5.9946203,2.1681428,2.0396125109431356e-09,3.171502145520738e-07,0.08061002178649238,0.022063595068137574
15,0.67,0.4867,1,1925,5.962424,1.4544263,2.485236318571196e-09,3.7935194374667487e-07,0.13071895424836602,0.050616482803374434
15,0.67,0.4867,1,6885,5.942352,1.0442297,2.809617876740965e-09,4.211389390379836e-07,0.2570806100217865,0.14211550940947437
15,0.67,0.4867,1,12670,5.903143,0.5516021,3.5664074676055876e-09,5.298025664823372e-07,0.7494553376906318,0.6378974691758599
15,0.67,0.4867,1,9876,5.895986,1.0962621,3.724501704242851e-09,5.483916757096687e-07,0.23311546840958605,0.12329656067488644
15,0.67,0.4867,1,10140,5.889711,2.7113202,3.868722857115474e-09,5.646299201463794e-07,0.04139433551198257,0.005191434133679429
15,0.67,0.4867,1,15606,5.858154,1.0738798,4.680409902156783e-09,6.655782901887569e-07,0.25272331154684097,0.14081765087605452
15,0.67,0.4867,1,9172,5.849024,1.2970942,4.944660637637006e-09,6.942445333547603e-07,0.13507625272331156,0.05386112913692408
15,0.67,0.4867,1,6450,5.802852,1.1405454,6.5196196991012494e-09,9.039452712803882e-07,0.19607843137254902,0.09669046073977937
15,0.67,0.4867,1,10306,5.786863,1.4084975,7.171317053848053e-09,9.86085728445652e-07,0.17647058823529413,0.08500973393900065
15,0.67,0.4867,1,6911,5.777382,0.65046996,7.587202710094635e-09,1.034720317135693e-06,0.5816993464052288,0.46787800129785856
15,0.67,0.4867,1,5647,5.744714,0.61689276,9.207665961129959e-09,1.2354608569458086e-06,0.7864923747276689,0.6800778715120052
15,0.67,0.4867,1,6426,5.7014246,0.54511446,1.1881012730423714e-08,1.5443460141311699e-06,0.8387799564270153,0.7657365347177157
15,0.67,0.4867,1,5751,5.6490493,1.2728603,1.6133748502551814e-08,2.0648715968112083e-06,0.1721132897603486,0.08176508760545101
15,0.67,0.4867,1,3193,5.6043143,1.0160799,2.0908110722170583e-08,2.5578613690843688e-06,0.21350762527233116,0.11161583387410773
15,0.67,0.4867,1,11117,5.5993023,1.6501217,2.1521594198072883e-08,2.6136955056024574e-06,0.15468409586056645,0.07203114860480207
15,0.67,0.4867,1,4133,5.5734124,2.582976,2.4979758961409098e-08,2.990023234531831e-06,0.05010893246187364,0.00973393900064893
15,0.67,0.4867,1,4581,5.533105,0.95615816,3.1461090143520874e-08,3.686264914140143e-06,0.25272331154684097,0.14406229720960415
15,0.67,0.4867,1,15239,5.473462,0.5244025,4.413277121057076e-08,5.0991739402880295e-06,0.8431372549019608,0.7605451005840363
15,0.67,0.4867,1,957,5.4133096,0.50088346,6.18704333313697e-08,6.9554072281576285e-06,0.7233115468409586,0.6262167423750811
15,0.67,0.4867,1,9652,5.3947825,0.96271884,6.860666603037731e-08,7.60985139608945e-06,0.3420479302832244,0.23166774821544453
15,0.67,0.4867,1,618,5.3666844,1.013526,8.019713173764184e-08,8.721044953273758e-06,0.20043572984749455,0.10512654120700844
15,0.67,0.4867,1,12213,5.29217,0.57318026,1.2087340203043834e-07,1.2652646192938504e-05,0.5599128540305011,0.44127190136275146
15,0.67,0.4867,1,6178,5.2771273,0.8909132,1.312246882080591e-07,1.3601619889537e-05,0.3159041394335512,0.208955223880597
15,0.67,0.4867,1,8371,5.2754436,2.7769656,1.3243553444554599e-07,1.3601619889537e-05,0.0457516339869281,0.009085009733939001
15,0.67,0.4867,1,436,5.2261176,1.0054357,1.731063610268963e-07,1.72463690704521e-05,0.25054466230936817,0.15249837767683322
15,0.67,0.4867,1,12306,5.2038946,0.5900099,1.9515484745589114e-07,1.9327299714113787e-05,0.5773420479302832,0.4789097988319273
15,0.67,0.4867,1,11310,5.169984,1.6198939,2.341144174501351e-07,2.2912915750207926e-05,0.0784313725490196,0.025957170668397145
15,0.67,0.4867,1,1478,5.1603518,0.7346455,2.46486192135523e-07,2.398267406287036e-05,0.3202614379084967,0.2044127190136275
15,0.67,0.4867,1,4948,5.1575637,0.40198982,2.5018365890268144e-07,2.4061015704178117e-05,0.971677559912854,0.9474367293964958
15,0.67,0.4867,1,5789,5.1454744,0.49629998,2.668452873175628e-07,2.5515930404537985e-05,0.6949891067538126,0.5678131083711876
15,0.67,0.4867,1,3427,5.1403403,0.62078315,2.742411817987426e-07,2.605278712000877e-05,0.6187363834422658,0.5009733939000649
15,0.67,0.4867,1,14432,5.1394176,1.4979556,2.755914492800543e-07,2.605278712000877e-05,0.09368191721132897,0.03504218040233614
15,0.67,0.4867,1,6181,5.0715494,0.58316267,3.9458988963751195e-07,3.6473258798827354e-05,0.579520697167756,0.4691758598312784
15,0.67,0.4867,1,3077,5.067531,2.4761658,4.030081691255069e-07,3.7045579656962344e-05,0.05228758169934641,0.012978585334198572
15,0.67,0.4867,1,15069,5.0523424,0.8793805,4.364242126152125e-07,3.98968464257797e-05,0.25272331154684097,0.15314730694354314
